"smiles","pCMC","T","category"
"CCCCCCOS(=O)(=O)[O-].[Na+]","0.364","40","anionic"
"CCCCCCCOS(=O)(=O)[O-].[Na+]","0.645","40","anionic"
"CCCCCCCCCOS(=O)(=O)[O-].[Na+]","1.209","40","anionic"
"O=C(CCCCCCCC)[O-].[K+]","0.333","40","anionic"
"O=C(CCCCCCCCCC)[O-].[K+]","0.936","40","anionic"
"CCCCCCCCCCCCC(=O)[O-].[K+]","1.538","40","anionic"
"CCCCCCCCCCCCCCC(=O)[O-].[K+]","2.137","40","anionic"
"CCCCCCCCCCCCCCCCC(=O)[O-].[K+]","2.745","40","anionic"
"CCCCCCC(C)OS(=O)(=O)[O-].[Na+]","0.745","40","anionic"
"CCCCCCCCC(CC)OS(=O)(=O)[O-].[Na+]","1.539","40","anionic"
"CCCCCC(CCCCC)OS(=O)(=O)[O-].[Na+]","1.081","40","anionic"
"CCCCCCCCCCCC(C)OS(=O)(=O)[O-].[Na+]","2.187","40","anionic"
"CCCCCCC(CCCCCC)OS(=O)(=O)[O-].[Na+]","1.714","40","anionic"
"CCCCCCCCCCCCCCC(CCCCCCCCCCCCCC)OS(=O)(=O)[O-].[Na+]","4.1","40","anionic"
"CCCCCCCCCCC1=CC=C(C=C1)S(=O)(=O)[O-].[Na+]","2.509","40","anionic"
"CCCCCCCCCCCCC1=CC=C(C=C1)S(=O)(=O)[O-].[Na+]","2.921","40","anionic"
"CCCCCCCCC(CC)C1=CC=C(C=C1)S(=O)(=O)[O-].[Na+]","2.5","40","anionic"
"CCCCCCCC(CCC)C1=CC=C(C=C1)S(=O)(=O)[O-].[Na+]","2.4","40","anionic"
"CCCCCCC(CCCC)C1=CC=C(C=C1)S(=O)(=O)[O-].[Na+]","2.3","40","anionic"
"CCCCCC(CCCCC)C1=CC=C(C=C1)S(=O)(=O)[O-].[Na+]","2.25","40","anionic"
"CCCCCCCC(CCCC)C1=CC=C(C=C1)S(=O)(=O)[O-].[Na+]","2.57","40","anionic"
"CCCCCCCCCCC(CC)C1=CC=C(C=C1)S(=O)(=O)[O-].[Na+]","3","40","anionic"
"CCCCCCCCCC(CCC)C1=CC=C(C=C1)S(=O)(=O)[O-].[Na+]","2.9","40","anionic"
"CCCCCCCCC(CCCC)C1=CC=C(C=C1)S(=O)(=O)[O-].[Na+]","2.78","40","anionic"
"CCCCCCCC(CCCCC)C1=CC=C(C=C1)S(=O)(=O)[O-].[Na+]","2.7","40","anionic"
"CCCCCCC(CCCCCC)C1=CC=C(C=C1)S(=O)(=O)[O-].[Na+]","2.6","40","anionic"
"CCCCCCCCCCCCC(C)C1=CC=C(C=C1)S(=O)(=O)[O-].[Na+]","3.39","40","anionic"
"CCCCCCCCCCCC(CC)C1=CC=C(C=C1)S(=O)(=O)[O-].[Na+]","3.28","40","anionic"
"CCCCCCCCCCC(CCC)C1=CC=C(C=C1)S(=O)(=O)[O-].[Na+]","3.15","40","anionic"
"CCCCCCCCCC(CCCC)C1=CC=C(C=C1)S(=O)(=O)[O-].[Na+]","3.05","40","anionic"
"CCCCCCCCC(CCCCC)C1=CC=C(C=C1)S(=O)(=O)[O-].[Na+]","2.9","40","anionic"
"CCCCCCCC(CCCCCC)C1=CC=C(C=C1)S(=O)(=O)[O-].[Na+]","2.8","40","anionic"
"CCCCCCCCCCOCCOCCOS(=O)(=O)[O-].[Na+]","1.9254","40","anionic"
"CCCCCCCCCCCCOCCOCCOCCOCCOS(=O)(=O)[O-].[Na+]","2.7849","40","anionic"
"CCCCCCCCCCCCCOCCOS(=O)(=O)[O-].[Na+]","2.8723","40","anionic"
"CCCCCCCCCCCCCCOCCOCCOS(=O)(=O)[O-].[Na+]","3.0854","40","anionic"
"CCCCCCCCCCCCCCOCCOCCOCCOCOS(=O)(=O)[O-].[Na+]","3.1753","40","anionic"
"CCCCCCCCCCCCCCCCOCCOCCOS(=O)(=O)[O-].[Na+]","3.638","40","anionic"
"CCCCCCCCOC(=O)CCS(=O)(=O)[O-].[Na+]","1.312","40","anionic"
"CCCCCCCCCCOC(=O)CCS(=O)(=O)[O-].[Na+]","1.883","40","anionic"
"CCCCCCCCCCCCOC(=O)CCS(=O)(=O)[O-].[Na+]","2.523","40","anionic"
"CCCC(CCC(C(C(C(F)(F)F)(F)F)(F)F)(F)F)OS(=O)(=O)[O-].[Na+]","1.702","40","anionic"
"CCCC(CCC(C(C(C(C(C(F)(F)F)(F)F)(F)F)(F)F)(F)F)(F)F)OS(=O)(=O)[O-].[Na+]","2.498","40","anionic"
"CCCC(CCC(C(C(C(C(C(C(C(F)(F)F)(F)F)(F)F)(F)F)(F)F)(F)F)(F)F)(F)F)OS(=O)(=O)[O-].[Na+]","3.42","40","anionic"
"CCCCCC(CCC(C(C(C(F)(F)F)(F)F)(F)F)(F)F)OS(=O)(=O)[O-].[Na+]","2.141","40","anionic"
"CCCCCC(CCC(C(C(C(C(C(F)(F)F)(F)F)(F)F)(F)F)(F)F)(F)F)OS(=O)(=O)[O-].[Na+]","3.021","40","anionic"
"CCCCCC(CCC(C(C(C(C(C(C(C(F)(F)F)(F)F)(F)F)(F)F)(F)F)(F)F)(F)F)(F)F)OS(=O)(=O)[O-].[Na+]","3.896","40","anionic"
"CCCCCCCC(CCC(C(C(C(F)(F)F)(F)F)(F)F)(F)F)OS(=O)(=O)[O-].[Na+]","2.487","40","anionic"
"CCCCCCCC(CCC(C(C(C(C(C(F)(F)F)(F)F)(F)F)(F)F)(F)F)(F)F)OS(=O)(=O)[O-].[Na+]","3.401","40","anionic"
"CCCCCCCC(CCC(C(C(C(C(C(C(C(F)(F)F)(F)F)(F)F)(F)F)(F)F)(F)F)(F)F)(F)F)OS(=O)(=O)[O-].[Na+]","4.255","40","anionic"
"CC(C)CCCCCC(C1=CC=CC=C1)OCCOCCOCCOCCOCCOCCOCCOCCOCCOCCOP(O)(O)=O","1.796","40","anionic"
"CC(C)CCCCCC(C1=CC=CC=C1)OCCOCCOCCOCCOCCOCCOCCOCCOCCOCCOCCOCCOCCOCCOCCOP(O)(O)=O","1.77","40","anionic"
"CC(C)CCCCCC(C1=CC=CC=C1)OCCOCCOCCOCCOCCOCCOCCOCCOCCOCCOCCOCCOCCOCCOCCOCCOCCOCCOCCOCCOP(O)(O)=O","1.745","40","anionic"
"CO[C@H]1[C@@H](C([C@@H]([C@H](O1)OS(=O)([O-])=O)O)O)NC(CCCCCCC)=O.[Na+]","1.602","40","anionic"
"CO[C@H]1[C@@H](C([C@@H]([C@H](O1)OS(=O)([O-])=O)O)O)NC(CCCCCCCCCCC)=O.[Na+]","2.77","40","anionic"
"CO[C@H]1[C@@H](C([C@@H]([C@H](O1)OS(=O)([O-])=O)O)O)NC(CCCCCCCCCCCCCCC)=O.[Na+]","2.77","40","anionic"
"CCCCCCCCCCCCOC(=O)C(CC1=CC=CC=C1)NC(=O)S(=O)(=O)[O-].[Na+]","1.817","40","anionic"
"CCCCCCCCOC(C(C)NC(C1=CC=CC=C1S(=O)([O-])=O)=O)=O.[Na+]","2.817","40","anionic"
"CCCCCCCCCCOC(C(C)NC(C1=CC=CC=C1S(=O)([O-])=O)=O)=O.[Na+]","3.445","40","anionic"
"CCCCCCCCCCCCOC(C(C)NC(C1=CC=CC=C1S(=O)([O-])=O)=O)=O.[Na+]","4.164","40","anionic"
"CCCCCCCCCCCCCCOC(C(C)NC(C1=CC=CC=C1S(=O)([O-])=O)=O)=O.[Na+]","4.759","40","anionic"
"CCCCCCCCCCCCCCOC(=O)C(C)NC(=O)C2=CC=CC=C2S(=O)(=O)[O-].[Na+]","3.351","40","anionic"
"CCCCCCS(=O)(=O)[O-].[Na+]","0.496","40","anionic"
"CCCCCCCCS(=O)(=O)[O-].[Na+]","0.796","40","anionic"
"CCCCCCCCCCS(=O)(=O)[O-].[Na+]","1.398","40","anionic"
"CCCCCCCCCCCCS(=O)(=O)[O-].[Na+]","1.959","40","anionic"
"CCCCCCCCCCCCCS(=O)(=O)[O-].[Na+]","2.421","40","anionic"
"CCCCCCCCCCCCCCS(=O)(=O)[O-].[Na+]","2.602","40","anionic"
"CCCCCCCCCCCCCCCS(=O)(=O)[O-].[Na+]","3.139","40","anionic"
"CCCCCCCCCCCCCCCCS(=O)(=O)[O-].[Na+]","3.131","40","anionic"
"CCCCCCCCCCCCCCCCCS(=O)(=O)[O-].[Na+]","3.635","40","anionic"
"CCCCCCCCCC/C=C/S(=O)(=O)[O-].[Na+]","1.886","40","anionic"
"CCCCCCCCCCCC/C=C/S(=O)(=O)[O-].[Na+]","2.569","40","anionic"
"CCCCCCCCCCCCCC/C=C/S(=O)(=O)[O-].[Na+]","3.215","40","anionic"
"CCCCCCCCCCCCCCCC/C=C/S(=O)(=O)[O-].[Na+]","3.745","40","anionic"
"CCCCCCCCCCC(C)S(=O)(=O)[O-].[Na+]","1.827","40","anionic"
"CCCCCCCCC(CC)S(=O)(=O)[O-].[Na+]","1.73","40","anionic"
"CCCCCCCCC(CCC)S(=O)(=O)[O-].[Na+]","1.635","40","anionic"
"CCCCCCCC(CCCC)S(=O)(=O)[O-].[Na+]","1.548","40","anionic"
"CCCCCCC(CCCCC)S(=O)(=O)[O-].[Na+]","1.442","40","anionic"
"CCCCCCCC(CCCCCCC)S(=O)(=O)[O-].[Na+]","2.144","40","anionic"
"CCCCCCCC1=CC=C(C=C1)S(=O)(=O)[O-].[Na+]","1.582","40","anionic"
"CCCCCCCCC1=CC=C(C=C1)S(=O)(=O)[O-].[Na+]","1.907","40","anionic"
"CCCCCCC(CC)C1=CC=C(C=C1)S(=O)(=O)[O-].[Na+]","1.967","40","anionic"
"CCCCCCCCC(C)C1=CCC(C=C1)S(=O)(=O)[O-].[Na+]","2.303","40","anionic"
"CCCCCCCC(CC)C1=CC=C(C=C1)S(=O)(=O)[O-].[Na+]","2.2","40","anionic"
"CCCCCC(CCCC)C1=CC=C(C=C1)S(=O)(=O)[O-].[Na+]","2.047","40","anionic"
"CCCCCCCCC(C)C1=CC=C(C=C1)S(=O)(=O)[O-].[Na+]","2.721","40","anionic"
"CCCCCCCCCCC(C)C1=CC=C(C=C1)S(=O)(=O)[O-].[Na+]","2.692","40","anionic"
"CCCCCCCCCC(CC)C1=CC=C(C=C1)S(=O)(=O)[O-].[Na+]","2.606","40","anionic"
"CCCCCCCCC(CCC)C1=CC=C(C=C1)S(=O)(=O)[O-].[Na+]","2.721","40","anionic"
"CCCCCCC(CCCCC)C1=CC=C(C=C1)S(=O)(=O)[O-].[Na+]","2.585","40","anionic"
"CCCCCCCCCCCC(C)C1=CC=C(C=C1)S(=O)(=O)[O-].[Na+]","3.208","40","anionic"
"CCCCCCCCCCCCCC(C)C1=CC=C(C=C1)S(=O)(=O)[O-].[Na+]","3.577","40","anionic"
"CCCCCCCCOS(=O)(=O)[O-].[Na+]","0.854","40","anionic"
"CCCCCCCCCCOS(=O)(=O)[O-].[Na+]","1.481","40","anionic"
"CCCCCCCCCCCOS(=O)(=O)[O-].[Na+]","1.783","40","anionic"
"CCCCCCCCCCCCOS(=O)(=O)[O-].[Na+]","2.066","40","anionic"
"CCCCCCCCCCCCCOS(=O)(=O)[O-].[Na+]","2.367","40","anionic"
"CCCCCCCCCCCCCCOS(=O)(=O)[O-].[Na+]","2.658","40","anionic"
"CCCCCCCCCCCCCCCOS(=O)(=O)[O-].[Na+]","2.921","40","anionic"
"CCCCCCCCCCCCCCCCOS(=O)(=O)[O-].[Na+]","3.237","40","anionic"
"CCCCCCCCCCCCCCCCCCOS(=O)(=O)[O-].[Na+]","3.796","40","anionic"
"CCCCCCCC(C)OS(=O)(=O)[O-].[Na+]","1.328","40","anionic"
"CCCCCCCCCCCCC(C)OS(=O)(=O)[O-].[Na+]","2.481","40","anionic"
"CCCCCCCCCCCC(CC)OS(=O)(=O)[O-].[Na+]","2.367","40","anionic"
"CCCCCCCCCCC(CCC)OS(=O)(=O)[O-].[Na+]","2.288","40","anionic"
"CCCCCCCCCC(CCCC)OS(=O)(=O)[O-].[Na+]","2.171","40","anionic"
"CCCCCCCC(CCCCCC)OS(=O)(=O)[O-].[Na+]","2.013","40","anionic"
"CCCCCCCCCCCCCC(C)OS(=O)(=O)[O-].[Na+]","2.767","40","anionic"
"CCCCCCCCCCCCCC(CC)OS(=O)(=O)[O-].[Na+]","2.658","40","anionic"
"CCCCCCCCCCC(CCCC)OS(=O)(=O)[O-].[Na+]","2.469","40","anionic"
"CCCCCCCC(CCCCCCC)OS(=O)(=O)[O-].[Na+]","2.177","40","anionic"
"CCCCCCCCCCCCC(CCC)OS(=O)(=O)[O-].[Na+]","2.764","40","anionic"
"CCCCCCCCCCC(CCCCC)OS(=O)(=O)[O-].[Na+]","2.629","40","anionic"
"CCCCCCCCC(CCCCCCC)OS(=O)(=O)[O-].[Na+]","2.372","40","anionic"
"CCCCCCCCCCCCCCCC(C)OS(=O)(=O)[O-].[Na+]","3.31","40","anionic"
"CCCCCCCCC(CCCCCCCC)OS(=O)(=O)[O-].[Na+]","2.629","40","anionic"
"CCCCCCCCCCCCCCCCC(C)OS(=O)(=O)[O-].[Na+]","3.585","40","anionic"
"CCCCCCCCCCCCCCC(CCC)OS(=O)(=O)[O-].[Na+]","3.347","40","anionic"
"CCCCCCCCCCCCC(CCCCC)OS(=O)(=O)[O-].[Na+]","3.143","40","anionic"
"CCCCCCCCCC(CCCCCCCCC)OS(=O)(=O)[O-].[Na+]","3.027","40","anionic"
"CCCCCCCCCCCCCCC(CCCC)OS(=O)(=O)[O-].[Na+]","3.481","40","anionic"
"CCCCCCCCCCCCCC(C)COS(=O)(=O)[O-].[Na+]","3.097","40","anionic"
"CCCCCCCCCCCC(CC)COS(=O)(=O)[O-].[Na+]","3.046","40","anionic"
"CCCCCCCCCCCC(CCC)COS(=O)(=O)[O-].[Na+]","2.959","40","anionic"
"CCCCCCCCCCC(CCCC)COS(=O)(=O)[O-].[Na+]","2.824","40","anionic"
"CCCCCCCCCC(CCCCC)COS(=O)(=O)[O-].[Na+]","2.699","40","anionic"
"CCCCCCCCC(CCCCCC)COS(=O)(=O)[O-].[Na+]","2.638","40","anionic"
"CCCCCCCC(CCCCCCC)COS(=O)(=O)[O-].[Na+]","2.523","40","anionic"
"CCCCCCCCCCCCOCCOS(=O)(=O)[O-].[Na+]","2.396","40","anionic"
"CCCCCCCCCCCCOCCOCCOS(=O)(=O)[O-].[Na+]","2.553","40","anionic"
"CCCCCCCCCC(O)CCS(=O)(=O)[O-].[Na+]","1.606","40","anionic"
"CCCCCCCCCC(OC)CCS(=O)(=O)[O-].[Na+]","2.118","40","anionic"
"CCCCCCCCCC(OCC)CCS(=O)(=O)[O-].[Na+]","2.301","40","anionic"
"CCCCCCCCCC(OCCC)CCS(=O)(=O)[O-].[Na+]","2.42","40","anionic"
"CCCCCCCCCC(OC(C)C)CCS(=O)(=O)[O-].[Na+]","2.458","40","anionic"
"CCCCCCCCCC(OCCCC)CCS(=O)(=O)[O-].[Na+]","2.817","40","anionic"
"CCCCCCCCCC(OCCCCCC)CCS(=O)(=O)[O-].[Na+]","3.185","40","anionic"
"CCCCCCCCCC(OCCCCCCCC)CCS(=O)(=O)[O-].[Na+]","3.922","40","anionic"
"CCCCCCCCCC(OCC(CC)CCCC)CCS(=O)(=O)[O-].[Na+]","3.501","40","anionic"
"CCCCCCCCCC(OC1=CC=C(C=C1))CCS(=O)(=O)[O-].[Na+]","2.708","40","anionic"
"CCCCCCCCCC(=O)CCS(=O)(=O)[O-].[Na+]","1.541","40","anionic"
"CCCCCCCCCCCC(O)CCS(=O)(=O)[O-].[Na+]","2.199","40","anionic"
"CCCCCCCCCCCC(OCCO)CCS(=O)(=O)[O-].[Na+]","3.445","40","anionic"
"CCCCCCCCCCCC(OCCOCC)CCS(=O)(=O)[O-].[Na+]","2.922","40","anionic"
"CCCCCCCCCCCC(OC1=CC=C(C=C1))CCS(=O)(=O)[O-].[Na+]","3.641","40","anionic"
"CCCCCCCCCCCC(OC1=C(Cl)C=C(Cl)C=C1Cl)CCS(=O)(=O)[O-].[Na+]","4.787","40","anionic"
"CCCCCCCCCCCC(N(C)(C))CCS(=O)(=O)[O-].[Na+]","2.964","40","anionic"
"CCCCCCCCCCCC(NCCC)CCS(=O)(=O)[O-].[Na+]","3.2","40","anionic"
"CCCCCCCCCCCC(NCCCC)CCS(=O)(=O)[O-].[Na+]","3.708","40","anionic"
"CCCCCCCCCCCC(N1CCOCC1)CCS(=O)(=O)[O-].[Na+]","3.106","40","anionic"
"CCCCCCCCCCCC(N1CCCCC1)CCS(=O)(=O)[O-].[Na+]","3.31","40","anionic"
"CCCCCCCCCCCC(=O)CCS(=O)(=O)[O-].[Na+]","2.174","40","anionic"
"CCCCCCCCCCCCCC(O)CCS(=O)(=O)[O-].[Na+]","2.839","40","anionic"
"CCCCCCCCCCCCCC(OC)CCS(=O)(=O)[O-].[Na+]","3.472","40","anionic"
"CCCCCCCCCCCCCC(OCCC)CCS(=O)(=O)[O-].[Na+]","4.089","40","anionic"
"CCCCCCCCCCCCCC(OCCCC)CCS(=O)(=O)[O-].[Na+]","4.458","40","anionic"
"CCCCCCCCCCCCCC(=O)CCS(=O)(=O)[O-].[Na+]","2.735","40","anionic"
"CCCCCCCCCCCCCCOC(=O)CCS(=O)(=O)[O-].[Na+]","3.046","40","anionic"
"CCCCCCCCCCC(C(=O)OC)S(=O)(=O)[O-].[Na+]","1.986","40","anionic"
"CCCCCCCCCCCCC(C(=O)OC)S(=O)(=O)[O-].[Na+]","2.583","40","anionic"
"CCCCCCCCCCCCCCC(C(=O)OC)S(=O)(=O)[O-].[Na+]","3.398","40","anionic"
"CCCCCCCCCCCCCCC(C(=O)OCC)S(=O)(=O)[O-].[Na+]","3.509","40","anionic"
"CCCCCCCCCCCCCCC(C(=O)OCCC)S(=O)(=O)[O-].[Na+]","3.964","40","anionic"
"CCCCCCCCCCCCCCCCC(C(=O)OC)S(=O)(=O)[O-].[Na+]","4","40","anionic"
"CCCCCCCCCCCCCCCCC(C(=O)OCC)S(=O)(=O)[O-].[Na+]","4.106","40","anionic"
"CCCCCCCCCCCCCCCCC(C(=O)OCCC)S(=O)(=O)[O-].[Na+]","4.899","40","anionic"
"CCCCCCCCCCCCCCCC(=O)OCCS(=O)(=O)[O-].[Na+]","3.42","40","anionic"
"CCCCCCCCCCOCCS(=O)(=O)[O-].[Na+]","1.787","40","anionic"
"CCCCCCCCCCC(CO)S(=O)(=O)[O-].[Na+]","1.787","40","anionic"
"CCCCCCCCCCCCC(CO)S(=O)(=O)[O-].[Na+]","2.432","40","anionic"
"CCCCCCOC(=O)S(=O)(=O)[O-].[Na+]","0.733","40","anionic"
"CCCCCCCCOC(=O)CS(=O)(=O)[O-].[Na+]","1.144","40","anionic"
"CCCCCCCCCCOC(=O)CS(=O)(=O)[O-].[Na+]","1.621","40","anionic"
"CCCCCCCCCCCCCCCCC(C(=O)OC(C)C)S(=O)(=O)[O-].[Na+]","4.569","40","anionic"
"CCCCC(CC)COC(=O)CC(C(=O)OCC(CC)CCCC)S(=O)(=O)[O-].[Na+]","2.566","40","anionic"
"CCCCOC(=O)CC(C(=O)OCCCC)S(=O)(=O)[O-].[Na+]","0.663","40","anionic"
"CCCCCOC(=O)CC(C(=O)CCCCC)S(=O)(=O)[O-].[Na+]","1.239","40","anionic"
"CCCCCCOC(CC(S(=O)([O-])=O)C(OCCCCCC)=O)=O.[Na+]","1.817","40","anionic"
"CCCCCCCCOC(CC(S(=O)([O-])=O)C(OCCCCCCCC)=O)=O.[Na+]","3.131","40","anionic"
"O=C(NC(C(C)C)C([O-])=O)CCCCCCCCCCCCCCC.[Na+]","2.7212","25","anionic"
"O=C(NC(CC(C)C)C([O-])=O)CCCCCCCCCCCCCCC.[Na+]","2.8239","25","anionic"
"CCCCCCCCCCCCS(=O)(=O)[O-].[Li+]","1.9586","25","anionic"
"CCCCCCCCCCCCS(=O)([O-])=O.[NH4+]","2.0506","25","anionic"
"CCCCCCCCCCCCS(=O)(=O)[O-].[K+]","2.0315","25","anionic"
"CCCCCCCCCCCCS(=O)(O[O-])=O.[Li+]","2.0506","25","anionic"
"CCCCCCCCCCCCS(=O)(O[O-])=O.C[N+](C)(C)C","2.2596","25","anionic"
"CCCCCCCCCCCCS(=O)(O[O-])=O.CCC[N+](CCC)(CCC)CCC","2.6576","25","anionic"
"CCCCCCCCCOCCS(=O)([O-])=O.[Na+]","1.7986","25","anionic"
"CCCCCCCCCCCCOCCS(=O)(O[O-])=O.[Na+]","2.4089","25","anionic"
"CCCCCCCCCCCCOCCOCCS(=O)(O[O-])=O.[Na+]","2.5376","25","anionic"
"CCCCCCCCCCCCCCCCOCCOCCOCCOCCOCCS(=O)(O[O-])=O.[Na+]","4.6021","25","anionic"
"CCCCCCCCC(COCCOCCOCCOCCOCCS(=O)(O[O-])=O)CCCCCC.[Na+]","4.0655","25","anionic"
"CCCCCCCCCCOC(CS(=O)([O-])=O)=O.[Na+]","1.6576","25","anionic"
"CCCCOC(CC(S(=O)([O-])=O)C(OCCCC)=O)=O.[Na+]","0.699","25","anionic"
"CCCCCOC(C(S(=O)([O-])=O)CC(OCCCCC)=O)=O.[Na+]","1.2757","25","anionic"
"CCCCCCOC(CC(C(OCCCCCC)=O)S(=O)([O-])=O)=O.[Na+]","1.8539","25","anionic"
"CCCCC(COC(CC(S(=O)([O-])=O)C(OCC(CCCC)CC)=O)=O)CC.[Na+]","2.6021","25","anionic"
"CCCCCCCCOC(CC(C(OCCCCCCCC)=O)S(=O)([O-])=O)=O.[Na+]","3.041","25","anionic"
"CCCCCCCCCCCCC(S(=O)([O-])=O)C(OCC)=O.[Na+]","2.6478","25","anionic"
"CCCCCCCCCCCCC(S(=O)([O-])=O)C(OCCCC)=O.[Na+]","2.8697","25","anionic"
"FC(F)(F)C(F)(F)C(F)(F)C(F)(F)C(F)(F)C(F)(F)C(F)(F)C([O-])=O.[K+]","1.5376","25","anionic"
"FC(F)(F)C(F)(F)C(F)(F)C(F)(F)C(F)(F)C(F)(F)C(F)(F)C([O-])=O.[Na+]","1.5229","25","anionic"
"FC(F)(F)C(F)(F)C(F)(F)C(F)(F)C(F)(F)C(F)(F)C(F)(F)C([O-])=O.[Li+]","1.4815","25","anionic"
"FC(C(F)(F)F)(C(F)(F)F)C(F)(F)C(F)(F)C(F)(F)C(F)(F)C([O-])=O.[Na+]","1.5229","25","anionic"
"FC(F)(F)C(F)(F)C(F)(F)C(F)(F)C(F)(F)C(F)(F)C(F)(F)C(F)(F)C([O-])=O.[Li+]","2.3098","25","anionic"
"FC(F)(F)C(F)(F)C(F)(F)C(F)(F)C(F)(F)C(F)(F)C(F)(F)C(F)(F)S(=O)([O-])=O.[Li+]","2.2007","25","anionic"
"CCCCCCCCCCCC([O-])=O.[Na+]","2.5243","25","anionic"
"CCCCCCCCCCCCOCCOCCOCCOCCOCCC([O-])=O.[Na+]","2.4572","25","anionic"
"CCCCCCCCCCCCOCCOCCOCCOCCOCCOCCOCCOCCOCCC([O-])=O.[Na+]","2.2291","25","anionic"
"CCCCCCCCCC1=CC=C(C=C1)OCC(C)OCC(OCC(S(=O)(O[O-])=O)C)C.[Na+]","4.2291","25","anionic"
"CCCCCCCCCC1=CC=C(OCC(OCC(C)OCC(OCC(C)OCC(C)OCC(S(=O)(O[O-])=O)C)C)C)C=C1.[Na+]","4.5229","25","anionic"
"CCCCCCCCCC1=CC=C(OCC(OCC(C)OCC(OCC(C)OCC(C)OCC(OCC(OCC(C)OCC(S(=O)(O[O-])=O)C)C)C)C)C)C=C1.[Na+]","4.7959","25","anionic"
"CCCCCCCCCC1=CC=C(OCC(OCC(C)OCC(OCC(C)OCC(C)OCC(OCC(OCC(C)OCC(C)OCC(OCC(C)OCC(S(=O)(O[O-])=O)C)C)C)C)C)C)C=C1.[Na+]","4.9208","25","anionic"
"CCCCCCCCCCCOCC(C)OCC(C)OCC(C)OCC(C)OCC(C)OCC(C)S(=O)([O-])=O.[Na+]","3.8297","25","anionic"
"CCCCCCCCCCCOCC(C)OCC(C)OCC(C)OCC(C)OCC(C)OCC(C)OCC(C)OCC(C)OCC(C)OCC(C)S(=O)([O-])=O.[Na+]","4.2757","25","anionic"
"CCCCCCCCCCCOCC(C)OCC(C)OCC(C)OCC(C)OCC(C)OCC(C)OCC(C)OCC(C)OCC(C)OCC(C)OCC(C)OCC(C)OCC(C)OCC(C)S(=O)([O-])=O.[Na+]","4.8861","25","anionic"
"CCCCCCCCCCCOCC(C)OCC(C)OCC(C)OCC(C)OCC(C)OCC(C)OCC([O-])=O.[Na+]","3.5421","25","anionic"
"CCCCCCCCCCCOCC(C)OCC(C)OCC(C)OCC(C)OCC(C)OCC(C)OCC(C)OCC(C)OCC(C)OCC(C)OCC([O-])=O.[Na+]","3.9914","25","anionic"
"CCCCCCCCCCCOCC(C)OCC(C)OCC(C)OCC(C)OCC(C)OCC(C)OCC(C)OCC(C)OCC(C)OCC(C)OCC(C)OCC(C)OCC(C)OCC(C)OCC([O-])=O.[Na+]","4.4437","25","anionic"
"CCCCCCCCCCCOCC(C)OCC(C)OCC(C)OCC(C)OCC(C)OCC(C)OCCOCCS(=O)(O[O-])=O.[Na+]","3.7696","25","anionic"
"CCCCCCCCCCCOCC(C)OCC(C)OCC(C)OCC(C)OCC(C)OCC(C)OCCOCCOCC([O-])=O.[Na+]","3.4034","25","anionic"
"CCCCCCCCCCCCOCCOCCOCCOS(=O)([O-])=O.[Na+]","2.5528","25","anionic"
"CCCCCCCCCCCCOCCOCCOCCOCCOCCOS(=O)([O-])=O.[Na+]","2.7212","25","anionic"
"CCCCCCCCCCCCCCCCOS(=O)([O-])=O.[Na+]","3.3979","25","anionic"
"CCCCCCCCCCCCCCCCOCCOS(=O)([O-])=O.[Na+]","3.6576","25","anionic"
"CCCCCCCCCCCCCCCCOCCOCCOCCOS(=O)([O-])=O.[Na+]","4","25","anionic"
"CCCCCCCCCCCCCCCCOCCOCCOCCOCCOS(=O)([O-])=O.[Na+]","4","25","anionic"
"CCCCCCCCCCCCCCCCCCOCCOS(=O)([O-])=O.[Na+]","3.9586","25","anionic"
"CCCCCCCCCCCCCCCCCCOCCOCCOS(=O)([O-])=O.[Na+]","4.1549","25","anionic"
"CCCCCCCCCCCCCCCCCCOCCOCCOCCOS(=O)([O-])=O.[Na+]","4.301","25","anionic"
"CCCCCCCCCCCCCCCCCCOCCOCCOCCOCCOS(=O)([O-])=O.[Na+]","4.3979","25","anionic"
"CCCCCCCCCC(NCC([O-])=O)=O.[Na+]","1.4202","40","anionic"
"CCCCCCCCCCCC(NCC([O-])=O)=O.[Na+]","2","40","anionic"
"CCCCCCCCCCCC(N(C)CC([O-])=O)=O.[Na+]","2","30","anionic"
"CCCCCCCCCCCC(N(C)CCC([O-])=O)=O.[Na+]","2.1192","30","anionic"
"CCCCCCCCCCCCCC(NCC([O-])=O)=O.[Na+]","2.3768","40","anionic"
"CCCCCCCCCCCCOS(=O)([O-])=O.[K+]","2.1079","40","anionic"
"CCCCCCCCCCCCS(=O)(O[O-])=O.CC[N+](CC)(CC)CC","2.3468","30","anionic"
"CCCCCCCCCCCCS(=O)(O[O-])=O.CCCC[N+](CCCC)(CCCC)CCCC","2.8861","30","anionic"
"CCCCCCCCCCCCOCCOCCOCCOS(=O)(=O)[O-].[Na+]","2.699","50","anionic"
"CCCCCCCCCCCC(N(CCS(=O)(O[O-])=O)C)=O.[Na+]","2.0506","30","anionic"
"O=C(CS(=O)(O[O-])=O)NCCCCCCCCCCCC.[Na+]","2.284","35","anionic"
"O=C(CCS(=O)(O[O-])=O)NCCCCCCCCCCCC.[Na+]","2.3565","35","anionic"
"FC(F)(F)C(F)(F)C(F)(F)C(F)(F)C(F)(F)C(F)(F)C(F)(F)C(F)(F)C([O-])=O.[Na+]","1.9586","35","anionic"
"FC(F)(F)C(F)(F)C(F)(F)C(F)(COC(C(S(=O)([O-])=O)CC(OCCCCC)=O)=O)F.[Na+]","2.7959","30","anionic"
"CCCCCCCCCCCCCCCCOCCOCCOCCOCC([O-])=O.[Na+]","4.0259","30","anionic"
"CCCCCCCCCCCCCCCCOCCOCCOCCOCCOCCOCC([O-])=O.[Na+]","4.3429","30","anionic"
"CCCCCCCCCCCCCCCCOCCOCCOCCOCCOCCOCCOCCOCC([O-])=O.[Na+]","4.9957","30","anionic"
"CCCCCCCCCCCCCCOCCOCCOCCOCCOCCOC(CCC([O-])=O)=O.[Na+]","2.8894","30","anionic"
"CC(CCCC(CCC(COCC(OCC(OCC(OCC(OCC(OCC(OCC(C)S(=O)(O[O-])=O)C)C)C)C)C)C)C)C)C.[Na+]","4.3372","30","anionic"
"CC(CCCC(CCC(COCC(OCC(OCC(OCC(OCC(OCC(OCC(OCC(OCC(OCC(OCC(OCC(OCC(C)S(=O)(O[O-])=O)C)C)C)C)C)C)C)C)C)C)C)C)C)C)C.[Na+]","4.9208","30","anionic"
"CCCCCCCCCCCC(=O)N(C)CCC(=O)[O-].[Na+]","2.672","25","zwitterionic"
"CCCCCCCCCC(=O)N(CCO)CCC(=O)[O-].[Na+]","1.712","25","zwitterionic"
"CCCCCCCCCCCC(=O)N(CCO)CCC(=O)[O-].[Na+]","2.478","25","zwitterionic"
"CCCCCCCCCCCCCC(=O)N(CCO)CCC(=O)[O-].[Na+]","3.433","25","zwitterionic"
"CCCCCCCCCCCCCCCC(=O)N(CCO)CCC(=O)[O-].[Na+]","4.276","25","zwitterionic"
"C1CN(CCN1CCS(=O)(=O)O)CCS(=O)(=O)[O-].[Na+]","1.398","25","zwitterionic"
"C1=CC=NC(=C1)N=NC2=C(C3=C(C=C(C=C3C=C2S(=O)(=O)[O-])S(=O)(=O)[O-])O)O.[Na+]","0.699","25","zwitterionic"
"C1CN(CCN1CCO)CCS(=O)(=O)[O-].[Na+]","0.398","25","zwitterionic"
"C1CCC(CC1)NS(=O)(=O)[O-].[Na+]","0.523","25","zwitterionic"
"CCCCN1C=C[N+](=C1)CCOS(=O)(=O)[O-]","0.456","25","zwitterionic"
"[B-](F)(F)(F)F.CCCCN1C-C[N+](=C1)C","0.071","25","zwitterionic"
"CCCCCCCCCCCCOS(=O)(=O)[O-].CCCCCCCCN1C=C[N+](=C1)C","3.638","25","zwitterionic"
"CCCCCCN1C=C[N+](=C1)C.C(C(C(F)(F)S(=O)(=O)[O-])(F)F)(C(F)(F)F)(F)F","2.085","25","zwitterionic"
"CCCCCCCCN1C=C[N+](=C1)C.C(C(C(F)(F)S(=O)(=O)[O-])(F)F)(C(F)(F)F)(F)F","2.618","25","zwitterionic"
"CCCCCCCCCCCCN1C=C[N+](=C1)C.C(C(C(F)(F)S(=O)(=O)[O-])(F)F)(C(F)(F)F)(F)F","4.009","25","zwitterionic"
"CCCCCCCC[N+](C)(C)CCOP(=O)([O-])OCCCCCCCC","3","25","zwitterionic"
"CCCCCCCC[N+](C)(C)CCOP(=O)([O-])OCCCCCCCCCC","3.969","25","zwitterionic"
"CCCCCCCCCC[N+](C)(C)CCOP(=O)([O-])OCCCCCCCC","4","25","zwitterionic"
"CCCCCCCC[N+](C)(C)CCOP(=O)([O-])OCCCCCCCCCCCC","4.854","25","zwitterionic"
"CCCCCCCCCCCC[N+](C)(C)CCOP(=O)([O-])OCCCCCCCC","4.745","25","zwitterionic"
"CCCCCCCCCC[N+](C)(C)CCOP(=O)([O-])OCCCCCCCCCC","4.886","25","zwitterionic"
"CCCCCCCC[N+](C)(C)CCOP(=O)([O-])OCCCCCCCCCCCCCC","5.215","25","zwitterionic"
"CCCCCCCCCCCCCC[N+](C)(C)CCOP(=O)([O-])OCCCCCCCC","5.097","25","zwitterionic"
"CCCCCCCCCC[N+](C)(C)CCOP(=O)([O-])OCCCCCCCCCCCC","4.886","25","zwitterionic"
"CCCCCCCCCC[N+](C)(C)CCOP(=O)([O-])OCCCCCCCCCCCCCC","5.276","25","zwitterionic"
"CCCCCCCCCCCCCC[N+](C)(C)CCOP(=O)([O-])OCCCCCCCCCC","5.26","25","zwitterionic"
"CCCCCCCCCCCC[N+](C)(C)CCOP(=O)([O-])OCCCCCCCCCCCC","5.046","25","zwitterionic"
"CCCCCCCC[N+](C)(C)CCOP(=O)([O-])OCCCCCCCCCCCCCCCCCC","5.319","25","zwitterionic"
"CCCCCCCCCCCCCCCCCC[N+](C)(C)CCOP(=O)([O-])OCCCCCCCC","5.229","25","zwitterionic"
"CCCCCCCCCC[N+](C)(C)CCOP(=O)([O-])OCCCCCCCCCCCCCCCC","5.301","25","zwitterionic"
"CCCCCCCCCCCCCC[N+](C)(C)CCOP(=O)([O-])OCCCCCCCCCCC","5.155","25","zwitterionic"
"CCCCCCCCCCCC[N+](C)(C)CCOP(=O)([O-])OCCCCCCCCCCCCCC","5.367","25","zwitterionic"
"CCCCC(CC)COP(OCC[N+](C)(C)CC(CC)CCCC)([O-])=O","3.721","25","zwitterionic"
"CCCCCC(CC)COP(OCC[N+](C)(C)CC(CC)CCCC)([O-])=O","3.155","25","zwitterionic"
"CCCCCCC(CC)COP(OCC[N+](C)(C)CC(CC)CCCC)([O-])=O","3.699","25","zwitterionic"
"CCCCCCCCC(CC)COP(OCC[N+](C)(C)CC(CC)CCCC)([O-])=O","3.824","25","zwitterionic"
"CCCCCCCC[N+](C)(C)CC([O-])=O","0.602","27","zwitterionic"
"CCCCCCCCC([N+](C)(C)C)C([O-])=O","1.013","27","zwitterionic"
"C[N+](C)(CC([O-])=O)CCCCCCCCCCCC","2.699","25","zwitterionic"
"C[N+](C)(CCCCCC([O-])=O)CCCCCCCCCCCC","2.585","25","zwitterionic"
"C[N+](CCCCCCCC([O-])=O)(CCCCCCCCCCCC)C","2.824","25","zwitterionic"
"C[N+](C)(CC([O-])=O)CCCCCCCCCCCCCC","3.658","25","zwitterionic"
"C[N+](C)(CCCC([O-])=O)CCCCCCCCCCCC","2.337","25","zwitterionic"
"C[N+](CCCS([O-])(=O)=O)(CCCCCCCCCCCC)C","2.523","25","zwitterionic"
"C[N+](CCCS([O-])(=O)=O)(CCCCCCCCCCCCCC)C","2.495","25","zwitterionic"
"CCCCCCCCCCC(C([O-])=O)[N+](C)(C)C","1.886","27","zwitterionic"
"C[N+](C)(C)C(C([O-])=O)CCCCCCCCCCCC","2.886","27","zwitterionic"
"CCCCCCCCCCC([N+]1=CC=CC=C1)C([O-])=O","2.284","25","zwitterionic"
"CCCCCCCCCCCCC([N+]1=CC=CC=C1)C([O-])=O","3.222","25","zwitterionic"
"CCCCCCCCCCCCN(OC)C","2.678","27","zwitterionic"
"C[N+](C)(CC([O-])=O)CCCCCCCCCC","1.7447","23","zwitterionic"
"C[N+](C)(CC([O-])=O)CCCCCCCCCCCCCCCC","4.699","23","zwitterionic"
"C[N+](CCCC([O-])=O)(CCCCCCCCCCCC)C","2.3372","25","zwitterionic"
"C[N+](CCCCCC([O-])=O)(CCCCCCCCCCCC)C","2.585","25","zwitterionic"
"CCCCCCCCCC[N+](C1=CC=CC=C1)(CC([O-])=O)C","2.2757","25","zwitterionic"
"CCCCCCCCCCCC[N+](C1=CC=CC=C1)(CC([O-])=O)C","3.2596","25","zwitterionic"
"CCCCCCCCCCCC[N+](C)(CCCS(=O)([O-])=O)C","2.5229","25","zwitterionic"
"CCCCCCCCCCCCCC[N+](C)(CCCS(=O)([O-])=O)C","3.4949","25","zwitterionic"
"C[N+](C)(CC([O-])=O)CCCCCCCC","0.6021","27","zwitterionic"
"CCCCCCCCCCC([N+](C)(C)C)C([O-])=O","1.8861","27","zwitterionic"
"CCCCCCCCCCCCC([N+](C)(C)C)C([O-])=O","2.8861","27","zwitterionic"
"CCCCCCCCCCCC[N+]1=CC=C(C([O-])=O)C=C1","2.7212","50","zwitterionic"
"CCCCCCCCCCCC[N+]1=CC=CC(C([O-])=O)=C1","2.8239","50","zwitterionic"
"CCCCCCCCCCCCCCC([N+]1=CC=CC=C1)C([O-])=O","4.1308","40","zwitterionic"
"CCCCCCCCCC[N+](CC([O-])=O)(CC1=CC=CC=C1)C","2.3565","40","zwitterionic"
"CCCCCCCCCC[N+](CS(=O)([O-])=O)(CC1=CC=CC=C1)C","2.3372","40","zwitterionic"
"CCCCCCCCCCC[N+]1=CC=CC=C1.[Br-]","1.71","25","cationic"
"CCCCCCCCCCCC[N+]1=CC=CC=C1.[Br-]","1.952","25","cationic"
"CCCCCCCCCCCCC[N+]1=CC=CC=C1.[Br-]","2.337","25","cationic"
"CCCCCCCCCCCCCC[N+]1=CC=CC=C1.[Br-]","2.558","25","cationic"
"CCCCCCCCCCCCCCC[N+]1=CC=CC=C1.[Br-]","2.866","25","cationic"
"CCCCCCCCCCCCCCCC[N+]1=CC=CC=C1.[Br-]","3.14","25","cationic"
"CCCCCCCCCCCCC1=CC=[N+](C=C1)C.[I-]","2.602","25","cationic"
"CC(C)(C)CCCCCCCCC1=CC=[N+](C=C1)C.[I-]","2.406","25","cationic"
"CCCC(CC)CCCCCCC1=CC=[N+](C=C1)C.[I-]","2.425","25","cationic"
"CCCC(CC)CCCCCCC1=CC=[N+](C=C1)CC.[I-]","2.656","25","cationic"
"CCCC(CC)CCCCCCC1=CC=[N+](C=C1)CCC.[I-]","2.719","25","cationic"
"CCCC(CC)CCCCCCC1=CC=[N+](C=C1)C(C)C.[I-]","2.714","25","cationic"
"CCCCCCCCCCCCCCCC[N+](C)(C)C.[Br-]","3","25","cationic"
"CCCCCCCCCCCCCC[N+](C)(C)C.[Br-]","2.42","25","cationic"
"CCCCCCCCCCCC[N+](C)(C)C.[Br-]","1.811958","25","cationic"
"CCCCCCCCCCCCCCCC[N+](C)(C)CC1=CC=CC=C1.[Cl-]","3.31","25","cationic"
"CCCCCCCCCCCCCC[N+](C)(C)CC1=CC=CC=C1.[Cl-]","2.701","25","cationic"
"CCCCCCCCCCCC[N+](C)(C)CC1=CC=CC=C1.[Cl-]","2.056","25","cationic"
"CCCCCCCCCCCCCC[N+](C)(C)CC1=CC=CC=C1.[Br-]","2.824","25","cationic"
"CCCCCC[N+](C)(C)C.[Br-]","0.305","25","cationic"
"CCCCCCCC[N+](C)(C)C.[Br-]","0.538","25","cationic"
"CCCCCCCCCC[N+](C)(C)C.[Br-]","1.319","25","cationic"
"CCCCCCCCCCCC[N+](C)(C)CC.[Br-]","1.83","25","cationic"
"CCCCCCCCCCCCCC[N+](C)(CC)C.[Br-]","2.514","25","cationic"
"CCCCCCCCCCCC[N+](C)(C)C1=CC=CC=C1.[Br-]","2.301","25","cationic"
"CCCCCCCCCCCCCC[N+](C)(C)C1=CC=CC=C1.[Br-]","2.893","25","cationic"
"CCCCCCCCCCCCCCCC[N+](C)(C)C1=CC=CC=C1.[Br-]","3.514","25","cationic"
"CCCCCCCCCCCCCCCC[N+](C)(C)CCO.[Br-]","3.695","25","cationic"
"CCCCCCCCCCCCCC[N+](C)(CCO)CCO.[Br-]","3.815","25","cationic"
"CCCCCCCCCCCCCCC[N+](CCO)(CCO)CCO.[Br-]","4.444","25","cationic"
"CCCCCCCCCCCCCCCC[N+](C)(C)CCOC.[Br-]","3.693","25","cationic"
"CCCCCCCCCCCCCCCC[N+](C)(CCOC)CCOC.[Br-]","3.914","25","cationic"
"CCCCCCCCCCCCCCC[N+](CCOC)(CCOC)CCOC.[Br-]","4.137","25","cationic"
"CCCCCCCCCCCCCCCC[N+](C)(C)CCC.[Br-]","3.213","25","cationic"
"CCCCCCCCCCCCCCCC[N+](C)(CCC)CCC.[Br-]","3.69","25","cationic"
"CCCCCCCCCCCCCCCC[N+](CCC)(CCC)CCC.[Br-]","3.86","25","cationic"
"CCCCCCCCCCCCCCC(O)C[N+](C)(C)CCO.[Cl-]","2.752","25","cationic"
"CCCCCCCCCCCCCC(O)C[N+](C)(CCO)CCO.[Cl-]","2.772","25","cationic"
"CCCCCCCCCCCCCCC(O)C[N+](C)(C)C.[Cl-]","2.715","25","cationic"
"FC(F)(F)C(F)(F)C(F)(F)C(F)(F)CCCCCCCCCC[N+](C)(C)(C).[Br-]","2.845","25","cationic"
"FC(F)(F)C(F)(F)C(F)(F)C(F)(F)CCCCCCCCCCC[N+](C)(C)(C).[Br-]","2.801","25","cationic"
"FC(F)(F)C(F)(C(F)(F)C(C(F)(F)C(F)(F)CCCCCCCC[N+](C)(C)C)(F)F)F.[Br-]","2.983","25","cationic"
"FC(F)(F)C(F)(C(F)(F)C(C(F)(F)C(F)(F)C(F)(F)C(F)(F)CCCCCC[N+](C)(C)C)(F)F)F.[Br-]","3.377","25","cationic"
"CCCCCCCCCC[N+]1=CC=CC=C1.[Cl-]","1.061","25","cationic"
"CCCCCC/C=C/CCCCC1=CC=[N+](C)C=C1.[I-]","1.886","25","cationic"
"CCCCCCCCC/C=C/CC1=CC=[N+](C=C1)C.[I-]","2.38","25","cationic"
"CCCCCCCCCC[N+](C)(C)(C).[Cl-]","1.215","25","cationic"
"CCCCCCCCCCCCCC[N+](CC)(CC)CC.[Br-]","2.509","25","cationic"
"CCCCCCCCCCCCCC[N+](CCC)(CCC)CCC.[Br-]","2.678","25","cationic"
"CCCCCCCCCCCCCC[N+](CCCC)(CCCC)CCCC.[Br-]","2.922","25","cationic"
"CCCCCCCCCCCC[N+](C)(CC[N+](C)(CCCCCCCCCCCC)C)C","3.097","25","cationic"
"CCCCCCCCCCCC[N+](C)(CCC[N+](C)(CCCCCCCCCCCC)C)C","3.027","25","cationic"
"CCCCCCCCCCCC[N+](C)(CCCC[N+](C)(CCCCCCCCCCCC)C)C","2.932","25","cationic"
"CCCCCCCCCCCC[N+](C)(CCCCCC[N+](C)(CCCCCCCCCCCC)C)C","2.987","25","cationic"
"CCCCCCCCCCCC[N+](C)(CCCCCCCC[N+](C)(CCCCCCCCCCCC)C)C","3.081","25","cationic"
"CCCCCCCCCCCC[N+](C)(CCCCCCCCCC[N+](C)(CCCCCCCCCCCC)C)C","3.201","25","cationic"
"CCCCCCCCCCCC[N+](C)(CCCCCCCCCCCC[N+](C)(CCCCCCCCCCCC)C)C","3.432","25","cationic"
"CCCCCCCCCCCC[N+](C)(CCCCCCCCCCCCCC[N+](C)(CCCCCCCCCCCC)C)C","3.699","25","cationic"
"CCCCCCCCCCCC[N+](C)(CCCCCCCCCCCCCCCC[N+](C)(CCCCCCCCCCCC)C)C","3.921","25","cationic"
"CCCCCCCC[N+](C)(C)CCC[N+](C)(C)CCCCCCCC","1.86","25","cationic"
"CCCCCCCC[N+](C)(C)CCCC[N+](C)(C)CCCCCCCC","1.582","25","cationic"
"CCCCCCCC[N+](C)(C)CCCCC[N+](C)(C)CCCCCCCC","1.58","25","cationic"
"CCCCCCCC[N+](C)(C)CCCCCC[N+](C)(C)CCCCCCCC","1.599","25","cationic"
"CCCCCCCCCCCCCCCC[N+](C)(C)CC[N+](C)(C)CCCCCCCCCCCCCCCC","4.678","25","cationic"
"CCCCCCCCCCCCCCCC[N+](C)(C)CCC[N+](C)(C)CCCCCCCCCCCCCCCC","4.602","25","cationic"
"CCCCCCCCCCCCCCCC[N+](C)(C)CCCC[N+](C)(C)CCCCCCCCCCCCCCCC","4.569","25","cationic"
"CCCCCCCCCCCCCCCC[N+](C)(C)CCCCC[N+](C)(C)CCCCCCCCCCCCCCCC","4.444","25","cationic"
"CCCCCCCCCCCCCCCC[N+](C)(C)CCCCCC[N+](C)(C)CCCCCCCCCCCCCCCC","4.367","25","cationic"
"CCCCCCCCCCCCCCCC[N+](C)(C)CCCCCCCC[N+](C)(C)CCCCCCCCCCCCCCCC","4.482","25","cationic"
"CCCCCCCCCCCCCCCC[N+](C)(C)CCCCCCCCCC[N+](C)(C)CCCCCCCCCCCCCCCC","4.569","25","cationic"
"CCCCCCCCCCCCCCCC[N+](C)(C)CCCCCCCCCCCC[N+](C)(C)CCCCCCCCCCCCCCCC","4.699","25","cationic"
"CCCCCCCCCC[N+](C)(C)CCCC[N+](C)(C)CCCCCCCCCC","2.057","25","cationic"
"CCCCCCCCCCCCCC[N+](C)(C)CCCC[N+](C)(C)CCCCCCCCCCCCCC","3.87","25","cationic"
"CCCCCCCCCC[N+](C)(C)CC[N+](C)(C)CCCCCCCCCC","2.208","25","cationic"
"CCCCCCCCCC[N+](C)(C)CCC[N+](C)(C)CCCCCCCCCC","2.187","25","cationic"
"CCCCCCCCCC[N+](C)(C)CCCC[N+](C)(C)CCCCCCCCCC","2.06","25","cationic"
"CCCCCCCCCC[N+](C)(C)CCCCCC[N+](C)(C)CCCCCCCCCC","2.125","25","cationic"
"CCCCCCCCCC[N+](C)(C)CCCCCCCC[N+](C)(C)CCCCCCCCCC","2.377","25","cationic"
"CCCCCCCCCC[N+](C)(C)CCCCCCCCCC[N+](C)(C)CCCCCCCCCC","2.658","25","cationic"
"CCCCCC[N+](C)(C)CCCCC[N+](C)(C)CCCCCC","0.796","25","cationic"
"CCCCCCCCC[N+](C)(C)CCCCC[N+](C)(C)CCCCCCCCC","1.602","25","cationic"
"CCCCCCCCCC[N+](C)(C)CCCCC[N+](C)(C)CCCCCCCCCC","2.051","25","cationic"
"CCCCCCCCCCC[N+](C)(C)CCCCC[N+](C)(C)CCCCCCCCCCC","2.523","25","cationic"
"CCCCCCCCCCCC[N+](C)(C)CCCCC[N+](C)(C)CCCCCCCCCCCC","2.959","25","cationic"
"CCCCCCCCCCCCC[N+](C)(C)CCCCC[N+](C)(C)CCCCCCCCCCCCC","3.387","25","cationic"
"CCCCCCCCCCCCCC[N+](C)(C)CCCCC[N+](C)(C)CCCCCCCCCCCCCC","3.745","25","cationic"
"CCCCCCCCCCCCC[N+](C)(C)CCCCCC[N+](C)(C)CCCCCCCCCCC","3.056","25","cationic"
"CCCCCCCCCCCCCC[N+](C)(C)CCCCCC[N+](C)(C)CCCCCCCCCC","3.076","25","cationic"
"CCCCCCCCCCCCCCCC[N+](C)(C)CCCCCC[N+](C)(C)CCCCCCCC","3.125","25","cationic"
"CCCCCCCCCCCCCCCCCC[N+](C)(C)CCCCCC[N+](C)(C)CCCCCC","3.229","25","cationic"
"CCCCCCCC[N+](C)(CCN(C)CC[N+](C)(CCCCCCCC)C)C","1.509","25","cationic"
"CCCCCCCCC[N+](C)(CCN(C)CC[N+](C)(CCCCCCCCC)C)C","1.745","25","cationic"
"CCCCCCCCCC[N+](C)(CCN(C)CC[N+](C)(CCCCCCCCCC)C)C","2.076","25","cationic"
"CCCCCCCCCCC[N+](C)(CCN(C)CC[N+](C)(CCCCCCCCCCC)C)C","2.523","25","cationic"
"CCCCCCCCCCCC[N+](C)(CCN(C)CC[N+](C)(CCCCCCCCCCCC)C)C","2.959","25","cationic"
"CCCCCCCCCCCCC[N+](C)(CCN(C)CC[N+](C)(CCCCCCCCCCCCC)C)C","3.481","25","cationic"
"CCCCCCCCCCCCCC[N+](C)(CCN(C)CC[N+](C)(CCCCCCCCCCCCCC)C)C","3.921","25","cationic"
"CCCCCCCCCCCCCCC[N+](C)(CCN(C)CC[N+](C)(CCCCCCCCCCCCCCC)C)C","4.367","25","cationic"
"CCCCCCCCCCCCCCCC[N+](C)(CCN(C)CC[N+](C)(CCCCCCCCCCCCCCCC)C)C","4.921","25","cationic"
"CCCCCCCC[N+](CCOCC[N+](CCCCCCCC)(C)C)(C)C","1.357","25","cationic"
"CCCCCCCCC[N+](CCOCC[N+](CCCCCCCCC)(C)C)(C)C","1.658","25","cationic"
"CCCCCCCCCC[N+](CCOCC[N+](CCCCCCCCCC)(C)C)(C)C","2.114","25","cationic"
"CCCCCCCCCCC[N+](CCOCC[N+](CCCCCCCCCCC)(C)C)(C)C","2.585","25","cationic"
"CCCCCCCCCCCC[N+](CCOCC[N+](CCCCCCCCCCCC)(C)C)(C)C","3","25","cationic"
"CCCCCCCCCCCCC[N+](CCOCC[N+](CCCCCCCCCCCCC)(C)C)(C)C","3.42","25","cationic"
"CCCCCCCCCCCCCC[N+](CCOCC[N+](CCCCCCCCCCCCCC)(C)C)(C)C","3.721","25","cationic"
"CCCCCCCCCCCCCCCC[N+](CCOCC[N+](CCCCCCCCCCCCCCCC)(C)C)(C)C","3.194","25","cationic"
"CCCCCC[N+](CCSCC[N+](CCCCCC)(C)C)(C)C","0.886","25","cationic"
"CCCCCCCC[N+](CCSCC[N+](CCCCCCCC)(C)C)(C)C","1.432","25","cationic"
"CCCCCCCCCC[N+](CCSCC[N+](CCCCCCCCCC)(C)C)(C)C","2.208","25","cationic"
"CCCCCCCCCCCC[N+](CCSCC[N+](CCCCCCCCCCCC)(C)C)(C)C","3.018","25","cationic"
"CCCCCCCCCCCCCC[N+](CCSCC[N+](CCCCCCCCCCCCCC)(C)C)(C)C","4","25","cationic"
"CCCCCCCCCCCCCCCC[N+](CCSCC[N+](CCCCCCCCCCCCCCCC)(C)C)(C)C","5.013","25","cationic"
"CCCCCCCCCCCCCCCCCC[N+](CCSCC[N+](CCCCCCCCCCCCCCCCCC)(C)C)(C)C","6","25","cationic"
"CCCCCCCCCC[N+](C)(C)CC#CC[N+](C)(C)CCCCCCCCCC","2.857","25","cationic"
"CCCCCCCC[N+](C)(C)CC#CC[N+](C)(C)CCCCCCCC","1.594","25","cationic"
"CCCCCCCCCCCC[N+]1(CCCCC1)CC#CC[N+]2(CCCCC2)CCCCCCCCCCCC","3.051","25","cationic"
"CCCCCCCCCCCC[N+]1(CC#CC[N+]2(CCCCCCCCCCCC)CCCC2)CCCC1","3.041","25","cationic"
"CCCCCCCC[N+]1(CC#CC[N+]2(CCCCCCCC)CCCC2)CCCC1","1.463","25","cationic"
"CCCCCCCC[N+]1(CCCCC1)CC#CC[N+]2(CCCCC2)CCCCCCCC","1.321","25","cationic"
"CCCCCCCCCC[N+]1(CC#CC[N+]2(CCCCCCCCCC)CCCC2)CCCC1","2.276","25","cationic"
"CCCCCCCCCC[N+]1(CCCCC1)CC#CC[N+]2(CCCCC2)CCCCCCCCCC","2.225","25","cationic"
"CCCCCCCCCCCCCC[N+]1(CC#CC[N+]2(CCCCCCCCCCCCCC)CCCC2)CCCC1","3.886","25","cationic"
"CCCCCCCC[N+](C)(C)CCC1=CC=CC(CC[N+](C)(C)CCCCCCCC)=C1","1.646","25","cationic"
"CCCCCCCC[N+](C)(CCC1=CC=CC=C1CC[N+](C)(CCCCCCCC)C)C","1.629","25","cationic"
"CCCCCCCC[N+](C)(C)CCC1=CC=C(C=C1)CC[N+](C)(C)CCCCCCCC","1.611","25","cationic"
"CCCCCCCC[N+](C)(CC(C(O)C[N+](C)(CCCCCCCC)C)O)C","2.432","25","cationic"
"CCCCCCCCCC[N+](C)(CC(C(O)C[N+](C)(CCCCCCCCCC)C)O)C","3.155","25","cationic"
"CCCCCCCCCCCC[N+](C)(CC(C(O)C[N+](C)(CCCCCCCCCCCC)C)O)C","4.071","25","cationic"
"CCCCCCCCCCCCCCCC[N+](C)(CC(C(O)C[N+](C)(CCCCCCCCCCCCCCCC)C)O)C","4.301","25","cationic"
"CCCCCCCCCCC1=CC=CC=[N+]1CCCC[N+]2=C(C=CC=C2)CCCCCCCCCC.[Br-].[Br-]","2.57","25","cationic"
"CCCCCCCCCCCCC1=CC=CC=[N+]1CCCC[N+]2=C(C=CC=C2)CCCCCCCCCCCC.[Br-].[Br-]","3.252","25","cationic"
"CCCCCCCCCCC1=CC=CC=[N+]1CCCCCC[N+]2=C(C=CC=C2)CCCCCCCCCC.[Br-].[Br-]","2.699","25","cationic"
"CCCCCCCCCCCCC1=CC=CC=[N+]1CCCCCC[N+]2=C(C=CC=C2)CCCCCCCCCCCC.[Br-].[Br-]","3.268","25","cationic"
"CCCCC(CC)COP(OCC[N+](C)(C)CC(CC)CCCC)([O-])=O","3.721","25","cationic"
"CCCCCC(CC)COP(OCC[N+](C)(C)CC(CC)CCCC)([O-])=O","3.155","25","cationic"
"CCCCCCC(CC)COP(OCC[N+](C)(C)CC(CC)CCCC)([O-])=O","3.699","25","cationic"
"CCCCCCCCC(CC)COP(OCC[N+](C)(C)CC(CC)CCCC)([O-])=O","3.824","25","cationic"
"CCCCCCCCCCCC[N+](C)(CCCOCCOC[N+](C)(C)CCCCCCCCCCCC)C","3.036","25","cationic"
"CCCCCCCCCCCC[N+](C)(CCCOCCOCCOC[N+](C)(C)CCCCCCCCCCCC)C","3.066","25","cationic"
"CCCCCCCCCCCC[N+](C)(CCCOCCOCCOCCOC[N+](C)(C)CCCCCCCCCCCC)C","3.046","25","cationic"
"CCCCCCCCCCCC[N+](C)(CCCOCCOCCOCCOCCOC[N+](C)(C)CCCCCCCCCCCC)C","2.91","25","cationic"
"CCCCCCCCCCCC[N+](C)(C)C.[Cl-]","1.699","25","cationic"
"CCCCCCCCCCCCCC[N+](C)(C)C.[Cl-]","2.3468","25","cationic"
"CCCCCCCCCC[N+]1=CC=CC=C1.[Br-]","1.3565","25","cationic"
"CCCCCCCCCCCC[N+]1=CC=CC=C1.[Cl-]","1.7696","25","cationic"
"CCCCCCCCCCCC[N+]1=CC=CC=C1.[I-]","2.2757","25","cationic"
"CCCCCCCCCCCCCC[N+]1=CC=CC=C1.[Cl-]","2.4559","25","cationic"
"CCCCCCCCCCCCCCCC[N+]1=CC=CC=C1.[Cl-]","3.0458","25","cationic"
"CCCCCCCCCCCCCCCCCC[N+]1=CC=CC=C1.[Cl-]","3.6198","25","cationic"
"CCCCCCCCCCCC[N+](C)(CC)C.[Br-]","1.8539","25","cationic"
"CCCCCCCCCCCC[N+](C)(CCCC)C.[Br-]","2.1249","25","cationic"
"CCCCCCCCCCCC[N+](C)(CCCCCC)C.[Br-]","2.5086","25","cationic"
"CCCCCCCCCCCC[N+](C)(CCCCCCCC)C.[Br-]","2.9586","25","cationic"
"CCCCCCCCCC[N+](C)(C)CC1=CC=CC=C1.[Cl-]","1.4089","25","cationic"
"CCCCCCCCCCCC[NH2+]CCO.[Cl-]","1.3468","25","cationic"
"CCCCCCCCCCCC[NH+](CCO)CCO.[Cl-]","1.4437","25","cationic"
"CCCCCCCCCCCC[N+](CCO)(CCO)CCO.[Cl-]","1.6021","25","cationic"
"CCCCCCCCCC[N+](C)(C)CCCCCCCCCC.[Br-]","2.7328","25","cationic"
"CCCCCCCCCCCC[N+](C)(C)CCCCCCCCCCCC.[Br-]","3.7545","25","cationic"
"CCCCCCCCCCOCC[N+](C)(C)C.[Cl-]","1.5143","25","cationic"
"CCCCCCCCCCOCCOCC[N+](C)(C)C.[Cl-]","1.6383","25","cationic"
"CCCCCCCCCCCCOCC[N+](C)(C)C.[Cl-]","2.1487","25","cationic"
"CCCCCCCCCCCCOCCOCC[N+](C)(C)C.[Cl-]","2.284","25","cationic"
"CCCCCCCCCCCCCCCCCC[N+](C)(C)C.[Cl-]","3.4685","25","cationic"
"CCCCCCCCCCOCC[N+]1=CC=CC=C1.[Cl-]","1.5918","25","cationic"
"CCCCCCCCCCOCCOCC[N+]1=CC=CC=C1.[Cl-]","1.6778","25","cationic"
"CCCCCCCCCCCCOCC[N+]1=CC=CC=C1.[Cl-]","2.1612","25","cationic"
"CCCCCCCCCCCCOCCOCC[N+]1=CC=CC=C1.[Cl-]","2.3098","25","cationic"
"CCCCCCCCCCCCCCCCOCC[N+]1=CC=CC=C1.[Cl-]","3.5376","25","cationic"
"CCCCCCCCCCCCCCCCOCCOCC[N+]1=CC=CC=C1.[Cl-]","3.7447","25","cationic"
"CCCCCCCCCCCCCCCC[N+](C)(C)C.[Cl-]","2.8861","30","cationic"
"CCCCCCCCCCCCCCCCCC[N+](C)(C)C.[Br-]","3.4685","40","cationic"
"CCCCCCCCCCCCOCCOCCOCCOCCOCCOCCOCCO","4.097","25","nonionic"
"CCCCCCCCCCCCOCCOCCOCCOCCOCCOCCOCCOCCO","4.027","25","nonionic"
"CCCCCCCCCCCCOCCOCCOCCOCCOCCOCCOCCOCCOCCO","5","25","nonionic"
"CCCCCCCCCCCCOCCOCCOCCOCCOCCOCCOCCOCCOCCOCCOCCOCCOCCOCCO","4.26","25","nonionic"
"CCCCCCCCCCCCCOCCOCCOCCOCCOCCOCCOCCOCCOCCOCCO","4.932","25","nonionic"
"CCCCCCCCCCCCCOCCOCCOCCOCCOCCOCCOCCOCCOCCOCCOCCOCCO","4.695","25","nonionic"
"CCCCCCCCCCCCCCOCCOCCOCCOCCOCCOCCO","4.983","25","nonionic"
"CCCCCCCCCCCCCCOCCOCCOCCOCCOCCOCCOCCOCCO","5.046","25","nonionic"
"CCCCCCCCCCCCCCCOCCOCCOCCOCCOCCOCCOCCOCCO","5.456","25","nonionic"
"CCCCCCCCCCCCCCCCOCCOCCOCCOCCOCCOCCO","5.77","25","nonionic"
"CCCCCCCCCCCCCCCCOCCOCCOCCOCCOCCOCCOCCOCCOCCO","5.678","25","nonionic"
"CCCCCCCCCCCCCCCCOCCOCCOCCOCCOCCOCCOCCOCCOCCOCCOCCOCCO","5.638","25","nonionic"
"CCCCCCCCC1=CC=C(C=C1)OCCO","4.305","25","nonionic"
"CCCCCCCCC1=CC=C(C=C1)OCCOCCO","4.116","25","nonionic"
"CCCCCCCCC1=CC=C(C=C1)OCCOCCOCCO","4.046","25","nonionic"
"CCCCCCCCC1=CC=C(C=C1)OCCOCCOCCOCCOCCO","3.765","25","nonionic"
"CCCCCCCCC1=CC=C(C=C1)OCCOCCOCCOCCOCCOCCO","3.886","25","nonionic"
"CCCCCCCCC1=CC=C(C=C1)OCCOCCOCCOCCOCCOCCOCCO","3.572","25","nonionic"
"CCCCCCCCC1=CC=C(C=C1)OCCOCCOCCOCCOCCOCCOCCOCCO","3.548","25","nonionic"
"CCCCCCCCC1=CC=C(C=C1)OCCOCCOCCOCCOCCOCCOCCOCCOCCOCCO","3.491","25","nonionic"
"CCCCCCCCC1=CC=C(C=C1)OCCOCCOCCOCCOCCOCCOCCOCCOCCOCCOCCOCCOCCO","3.553","25","nonionic"
"CCCCCCCCC1=CC=C(C=C1)OCCOCCOCCOCCOCCOCCOCCOCCOCCOCCOCCOCCOCCOCCOCCOCCO","3.367","25","nonionic"
"CCCCCCCCC1=CC=C(C=C1)OCCOCCOCCOCCOCCOCCOCCOCCOCCOCCOCCOCCOCCOCCOCCOCCOCCO","3.469","25","nonionic"
"CCCCCCCCCC1=CC=C(C=C1)OCCOCCOCCOCCOCCO","4.26","25","nonionic"
"CCCCCCCCCC1=CC=C(C=C1)OCCOCCOCCOCCOCCOCCOCCOCCOCCOCCO","4.125","25","nonionic"
"CCCCCCCCCC1=CC=C(C=C1)OCCOCCOCCOCCOCCOCCOCCOCCOCCOCCOCCOCCOCCOCCOCCO","4.061","25","nonionic"
"CCCCCCCCOCCOCCOCCOCCO","2.149","25","nonionic"
"CCCCCCCCCOCCOCCOCCOCCOCCOCCOCCOCCO","2.523","25","nonionic"
"CCCCCCCCCCCOCCOCCOCCOCCOCCOCCOCCOCCO","3.523","25","nonionic"
"CCCCCCCCCCCCOCCOCCOCCOCCO","4.194","25","nonionic"
"CCCCCCCCCCCCOCCOCCOCCOCCOCCOCCO","4.061","25","nonionic"
"CCCCCCCCCCCCOCCOCCOCCOCCOCCOCCOCCOCCOCCOCCOCCOCCO","4.854","25","nonionic"
"CCCCCCCCCCCCCCOCCOCCOCCOCCOCCOCCCOCCOCCO","4.951","25","nonionic"
"CCCCCCCCCCCCCCCCCOCCOCCOCCOCCOCCOCCCOCCO","5.678","25","nonionic"
"CCCCCCCCC1=CC=C(C=C1)OCCOCCOCCOCCO","3.889","25","nonionic"
"CCCCCCCCC1=CC=C(C=C1)OCCOCCOCCOCCOCCOCCOCCOCCOCCO","3.517","25","nonionic"
"CCCCCCCCCC1=CC=C(C=C1)OCCOCCOCCOCCOCCOCCOCCOCCOCCO","4.125","25","nonionic"
"CN(C)CCCNC(=O)C(C(C(C(C(C(C(C(C(F)(F)F)(F)F)(F)F)(F)F)(F)F)(F)F)(F)F)(F)F)(F)F","3.495","25","nonionic"
"CCN(CC)CCCNC(=O)C(C(C(C(C(C(C(C(C(F)(F)F)(F)F)(F)F)(F)F)(F)F)(F)F)(F)F)(F)F)(F)F","3.824","25","nonionic"
"CCCN(CCC)CCCNC(=O)C(C(C(C(C(C(C(C(C(F)(F)F)(F)F)(F)F)(F)F)(F)F)(F)F)(F)F)(F)F)(F)F","2.547","25","nonionic"
"CCCCCCCCCC1=CC=C(C=C1)OCCOCCOCCOCCOCCOCCO","4.15","25","nonionic"
"CCCCCCCCCC1=CC=C(C=C1)OCCOCCOCCOCCOCCOCCO","4.229","25","nonionic"
"CCCCCCCCCC1=CC=C(C=C1)OCCOCCOCCOCCOCCOCCO","4.569","25","nonionic"
"CCCCCCCCCCCCOCCOCCOCCOCCCOCCCOCCCOCCCOCCCOCCCO","5.148","25","nonionic"
"CCCCCCCCCCCCOCCOCCOCCOCCOCCCOCCCOCCCOCCCOCCCO","4.796","25","nonionic"
"CCCCCCCCCCCCOCCOCCOCCOCCOCCOCCCOCCCOCCCOCCCO","4.762","25","nonionic"
"CCCCOCCOCCOCCOCCOCCOCCOCCOCCOCCOCCO","0.009","25","nonionic"
"CCCCOCCOCCOCCOCCOCCOCCO","0.11","25","nonionic"
"CCCCCCOCCOCCOCCO","1","25","nonionic"
"CCCCCCOCCOCCOCCOCCOCCOCCO","1.164","25","nonionic"
"CCCCCCCCOCCO","2.31","25","nonionic"
"CCCCCCCCOCCOCCOCCO","2.125","25","nonionic"
"CCCCCCCCOCCOCCOCCOCCOCCOCCO","2.004","25","nonionic"
"CCCCCCCCOCCOCCOCCOCCOCCOCCOCCOCCOCCO","1.886","25","nonionic"
"CCCCCCCCCCOCCOCCOCCO","3.222","25","nonionic"
"CCCCCCCCCCOCCOCCOCCOCCO","3.167","25","nonionic"
"CCCCCCCCCCOCCOCCOCCOCCOCCOCCO","3.046","25","nonionic"
"CCCCCCCCCCOCCOCCOCCOCCOCCOCCOCCOCCO","3","25","nonionic"
"CCCCCCCCCCOCCOCCOCCOCCOCCOCCOCCOCCOCCO","2.886","25","nonionic"
"CCCCCCCCCCCOCCOCCOCCOCCOCCOCCOCCOCCO","3.523","25","nonionic"
"CCCCCCCCCCCCOCCOCCO","4.481","25","nonionic"
"CC(C)COCCOCCOCCOCCOCCOCCO","0.049","25","nonionic"
"CCC(COCCOCCOCCOCCOCCOCCO)CC","1.016","25","nonionic"
"CCC(CCC)COCCOCCOCCOCCOCCOCCO","1.67","25","nonionic"
"CCCCC(COCCOCCOCCOCCOCCOCCO)CCCC","2.547","25","nonionic"
"CCCCC(COCCOCCOCCOCCOCCOCCOCCOCCOCCO)CCCC","2.526","25","nonionic"
"CCCCCCCCOCC(O)CO","2.237","25","nonionic"
"CCCCCCCCC(O)CO","2.638","25","nonionic"
"CCCCCCCCC(O)CCO","2.638","25","nonionic"
"CCCCCCCCCCC(O)CO","3.745","25","nonionic"
"CCCCCCCCCCCCC(O)CCO","4.886","25","nonionic"
"CCCCCCCCCCCCNC1C(C(C(C(O1)CO)OC2C(C(C(C(O2)CO)O)O)O)O)O","3.222","25","nonionic"
"CCCCCCCCCCCC(=O)OC1C(C(C(C(O1)CO)OC2C(C(C(C(O2)CO)O)O)O)O)O","3.469","25","nonionic"
"CCCCCCCCC=CCCCCCCCC(=O)OC1C(C(C(C(O1)CO)OC2C(C(C(C(O2)CO)O)O)O)O)O","5.292","25","nonionic"
"CCCCCCCCCCCC(=O)N(CCO)CCO","3.585","25","nonionic"
"CCCCCCCCCC(=O)N(CCOCCOCCOC)CCOCCOCCOC","2.299","25","nonionic"
"CCCCCCCCCC(=O)N(CCOCCOCCOCCOC)CCOCCOCCOCCOC","2.193","25","nonionic"
"CCCCCCCCCCCC(=O)N(CCOCCOC)CCOCCOC","3.398","25","nonionic"
"CCCCCCCCCCCC(=O)N(CCOCCOCCOC)CCOCCOCCOC","3.292","25","nonionic"
"CCCCCCCCCCCC(=O)N(CCOCCOCCOCCOC)CCOCCOCCOCCOC","3.611","25","nonionic"
"CCCCCCCCCCCNC(C)C(=O)OCCOCCOCCOCCO","3.413","25","nonionic"
"CCCCCCCCCCCNCC(=O)OCCOCCOCCOCCO","3.474","25","nonionic"
"CCCCCCCCCCCN(C)CC(=O)OCCOCCOCCOCCO","3.533","25","nonionic"
"C(CSCCOCCOCCO)C(C(C(C(C(C(F)(F)F)(F)F)(F)F)(F)F)(F)F)(F)F","4.602","25","nonionic"
"C(CSCCOCCOCCOCCO)C(C(C(C(C(C(F)(F)F)(F)F)(F)F)(F)F)(F)F)(F)F","4.553","25","nonionic"
"C(CSCCOCCOCCOCCOCCOCCO)C(C(C(C(C(C(F)(F)F)(F)F)(F)F)(F)F)(F)F)(F)F","4.432","25","nonionic"
"C(CSCCOCCOCCOCCOCCOCCOCCOCCO)C(C(C(C(C(C(F)(F)F)(F)F)(F)F)(F)F)(F)F)(F)F","4.319","25","nonionic"
"COCCOCCOCCN(CCOCCOCCOC)C(=O)CC(C(C(C(C(C(F)(F)F)(F)F)(F)F)(F)F)(F)F)(F)F","3.26","25","nonionic"
"COCCOCCOCCN(CCOCCOCCOC)C(=O)CC(C(C(C(C(C(C(C(F)(F)F)(F)F)(F)F)(F)F)(F)F)(F)F)(F)F)(F)F","4.921","25","nonionic"
"COCCOCCOCCN(CCOCCOCCOC)C(=O)CC(C(C(C(C(C(C(C(C(C(F)(F)F)(F)F)(F)F)(F)F)(F)F)(F)F)(F)F)(F)F)(F)F)(F)F","6.523","25","nonionic"
"CCCCOCCO","0.009","25","nonionic"
"CCCCCCOCCOCCOCCOCCO","1.032","25","nonionic"
"CCCCCCOCCOCCOCCOCCOCCO","1.017","25","nonionic"
"CCCCCCCCOCCOCCOCCOCCOCCO","1.959","25","nonionic"
"CCCCCCCCCCOCCOCCOCCOCCOCCOCCOCCO","3.015","25","nonionic"
"CCCCCCCCCCCCOCCO","4.638","25","nonionic"
"CCCCCCCCCCCCCCCCOCCOCCOCCOCCOCCOCCOCCOCCO","5.921","25","nonionic"
"CCCCCCCCCCCCCCCCOCCOCCOCCOCCOCCOCCOCCOCCOCCOCCO","5.699","25","nonionic"
"CCCCCCCCC1=CC=C(C=C1)OCCOCCOCCOCCOCCOCCOCCOCCOCCOCCOCCOCCOCCOCCOCCOCCOCCOCCOCCOCCOCCOCCOCCOCCOCCOCCOCCOCCOCCOCCO","3.959","25","nonionic"
"CCCCCCCCC1=CC=C(C=C1)OCCOCCOCCOCCOCCOCCOCCOCCOCCOCCOCCOCCOCCOCCOCCOCCOCCOCCOCCOCCOCCOCCOCCOCCOCCOCCOCCOCCOCCOCCOCCCOCCOCCOCCOCCOCCOCCOCCOCCOCCO","4.119","25","nonionic"
"CCCCCCCCCC1=CC=C(C=C1)OCCOCCO","3.377","25","nonionic"
"CCCCCCCCCC1=CC=C(C=C1)OCCOCCOCCOCCOCCOCCOCCOCCOCCOCCOCCOCCO","3.301","25","nonionic"
"CCCCCCCCCCCCC(C(C)CCOCCOCCOCCO)=O","3.292","25","nonionic"
"CCCCCCCCCCCCC(C(C)CCOCCOCCOCCOCCOCCOCCO)=O","3.187","25","nonionic"
"CCCCCCCCCCCCC(C(C)CCOCCOCCOCCOCCOCCOCCOCCOCCOCCO)=O","3.125","25","nonionic"
"OCCOCCSCCOCCSCCOCCSCCC(F)(F)C(F)(F)C(F)(F)C(F)(F)C(F)(F)C(F)(F)F","4.638","25","nonionic"
"OCCOCCSCCOCCSCCOCCSCCOCCSCCC(F)(F)C(F)(F)C(F)(F)C(F)(F)C(F)(F)C(F)(F)F","4.469","25","nonionic"
"FC([H])(F)C(F)(F)C(F)(F)C(F)(F)CCCOCCOCCOC","2.097","25","nonionic"
"FC([H])(F)C(F)(F)C(F)(F)C(F)(F)C(F)(F)C(F)(F)CCCOCCOCCOC","3.523","25","nonionic"
"FC(F)(F)C(F)(F)C(F)(F)C(F)(F)CCCOCCOCCOC","2.699","25","nonionic"
"FC(F)(F)C(F)(F)C(F)(F)C(F)(F)C(F)(F)C(F)(F)CCCOCCOCCOC","4.097","25","nonionic"
"FC(F)(F)C(F)(F)C(F)(F)C(F)(F)CCCNC(OCCOCCCC)=O","2.009","25","nonionic"
"FC(F)(F)C(F)(F)C(F)(F)C(F)(F)CCCNC(OCCOCCOCCCC)=O","2.854","25","nonionic"
"FC(F)(F)C(F)(F)C(F)(F)C(F)(F)C(F)(F)C(F)(F)CCCNC(OCCOCCCC)=O","3.824","25","nonionic"
"FC(F)(F)C(F)(F)C(F)(F)C(F)(F)C(F)(F)C(F)(F)CCCNC(OCCOCCOCCCC)=O","4.046","25","nonionic"
"FC(F)(F)C(F)(F)C(F)(F)C(F)(F)C(F)(F)C(F)(F)C(F)(F)C(F)(F)CCCNC(OCCOCCCC)=O","4.62","25","nonionic"
"FC(F)(F)C(F)(F)C(F)(F)C(F)(F)C(F)(F)C(F)(F)C(F)(F)C(F)(F)CCCNC(OCCOCCOCCCC)=O","4.959","25","nonionic"
"CCCCCCCCCCCCCCCCCC(OCC(O)COCC(O)COCC(O)COCC(O)CO[H])=O","4.484","25","nonionic"
"CCCCCCCCCCCCCCCCCC(OCC(O)COCC(O)COCC(O)COCC(O)COCC(O)COCC(O)CO[H])=O","4.562","25","nonionic"
"CCCCCCCCCCCCCCCCCC(OCC(O)COCC(O)COCC(O)COCC(O)COCC(O)COCC(O)COCC(O)COCC(O)COCC(O)COCC(O)CO[H])=O","4.676","25","nonionic"
"CCCCCCCCCCCC(OCC(O)COCC(O)COCC(O)COCC(O)CO[H])=O","4.402","25","nonionic"
"CCCCCCCCCCCC(OCC(O)COCC(O)COCC(O)COCC(O)COCC(O)COCC(O)CO[H])=O","4.446","25","nonionic"
"CCCCCCCCCCCC(OCC(O)COCC(O)COCC(O)COCC(O)COCC(O)COCC(O)COCC(O)COCC(O)COCC(O)COCC(O)CO[H])=O","4.549","25","nonionic"
"CCCCCCCCCCCCCCCCCC(OCC(COCC(COCC(COCC(CO)O)O)O)O)=O","4.65","25","nonionic"
"CCCCCCCCCCCCCCCCCC(OCC(COCC(COCC(COCC(COCC(COCC(CO)O)O)O)O)O)O)=O","4.553","25","nonionic"
"OCC(O)C(O)C(O)COCOCCCC","0.921","25","nonionic"
"OCC(O)C(O)C(O)COCOCCCCC","1.237","25","nonionic"
"OCC(O)C(O)C(O)COCOCCCCCC","2","25","nonionic"
"OCC(O)C(O)C(O)COCOCCCCCCC","1.745","25","nonionic"
"OCC(O)C(O)C(O)COCOCCCCCCCC","2.357","25","nonionic"
"OCC(O)C(O)C(O)COCOCCCCCCCCC","2.745","25","nonionic"
"OCC(O)C(O)C(O)COCCCC","1.237","25","nonionic"
"OCC(O)C(O)C(O)COCCCCC","1.42","25","nonionic"
"OCC(O)C(O)C(O)COCCCCCC","2.027","25","nonionic"
"OCC(O)C(O)C(O)COCCCCCCC","2.036","25","nonionic"
"OCC(O)C(O)C(O)COCCCCCCCC","2.174","25","nonionic"
"OCC(O)C(O)C(O)COCCCCCCCCC","2.678","25","nonionic"
"OCC(O)C(O)C(O)COCCCCCCCCCC","3.092","25","nonionic"
"OCC(O)C(O)C(O)COCCCCCCCCCCC","3.523","25","nonionic"
"OCC(C(C(CSCCCC)O)O)O","0.745","25","nonionic"
"OCC(C(C(CSCCCCC)O)O)O","1.337","25","nonionic"
"OCC(C(C(CSCCCCCC)O)O)O","1.796","25","nonionic"
"CCCCCCCCC(OC(C1O)C(O)C(O)C(O)C1O)=O","2.796","25","nonionic"
"CCCCCCCCCCCCC(OC(C1O)C(O)C(O)C(O)C1O)=O","3.638","25","nonionic"
"CCCCCCCCCCCCCCCCC(OC(C1O)C(O)C(O)C(O)C1O)=O","3.854","25","nonionic"
"CCCCCCCCCCCCCCCCCCC(OC(C1O)C(O)C(O)C(O)C1O)=O","3.699","25","nonionic"
"CCCCCCCCN(CCN(CCCCNC(C(O)C(O)C(O)C(O)CO)=O)CCCCCCCC)CCCCNC(C(O)C(O)C(O)C(O)CO)=O","4.174","25","nonionic"
"CCCCCCCCCCCCN(CCN(CCCCNC(C(O)C(O)C(O)C(O)CO)=O)CCCCCCCCCCCC)CCCCNC(C(O)C(O)C(O)C(O)CO)=O","5.42","25","nonionic"
"CCCCCCCCN(CCCCNC(C(C(C(C(C(O)CO)O)O)O)O)=O)CCN(CCCCCCCC)CCCCNC(C(C(C(C(C(O)CO)O)O)O)O)=O","5.284","25","nonionic"
"CCCCCCCCN(CCN(CCCCNC(C(O)C(O)C(OC1O[C@@H]([C@@H]([C@H]([C@H]1O)O)O)CO)C(O)CO)=O)CCCCCCCC)CCCCNC(C(O)C(O)C(O[C@H]2O[C@H]([C@H]([C@@H]([C@@H]2O)O)O)CO)C(O)CO)=O","3.886","25","nonionic"
"OCC(C(O[C@H]1O[C@@H](CO)[C@@H](O)[C@H](O)[C@@H]1O)C(C(C(NCCCCN(CCCCCCCCCCCC)CCN(CCCCCCCCCCCC)CCCCNC(C(C(C(OC2O[C@H](CO)[C@H](O)[C@@H](O)[C@H]2O)C(CO)O)O)O)=O)=O)O)O)O","5.051","25","nonionic"
"CCCCO[C@@H]1[C@H](O)C(O)[C@H](O)[C@@H](CO)O1","2.143","25","nonionic"
"CCCCO[C@@H]1[C@@H](C([C@@H]([C@H](O1)COC(CCC(OC[C@H]2O[C@@H]([C@@H](C([C@@H]2O)O)O)OCCCC)=O)=O)O)O)O","1.883","25","nonionic"
"CCCCO[C@@H]1[C@H](O)C(O)[C@H](O)[C@@H](COC(CCCC(OC[C@H]2O[C@H](OCCCC)[C@H](O)C(O)[C@@H]2O)=O)=O)O1","2.669","25","nonionic"
"CCCCO[C@@H]1[C@@H](C([C@@H]([C@H](O1)COC(C(C=C2)=CC=C2C(OC[C@H]3O[C@@H]([C@@H](C([C@@H]3O)O)O)OCCCC)=O)=O)O)O)O","2.509","25","nonionic"
"CCCCOC1C([C@@H](O)C(O)[C@@H](O)O1)OC(CCC(OC2C(OCCCC)O[C@H](O)C(O)[C@@H]2O)=O)=O","1.801","25","nonionic"
"CCCCOC1C([C@@H](O)C(O)[C@@H](O)O1)OC(CCCC(OC2C(OCCCC)O[C@H](O)C(O)[C@@H]2O)=O)=O","0.959","25","nonionic"
"CCCCOC1C(OC(C(C=C2)=CC=C2C(OC3C(O[C@@H](C([C@@H]3O)O)O)OCCCC)=O)=O)[C@H](C([C@H](O1)O)O)O","1.886","25","nonionic"
"CCCCCCCCCCCCOCCOCCOCCOCCOCCOCCOCCOCCOCCOCCOCCOCCOCCOCCOCCOCCOCCOCCOCCOCCOCCOCCOCCO","4.2218","25","nonionic"
"CCCCCCCCCCCCCOCCOCCOCCOCCOCCOCCO","4.0993","25","nonionic"
"CCCCCCCCCCCCCCCCOCCOCCO","7.1739","25","nonionic"
"CCCCCCCCCCCCCCCCOCCOCCOCCOCCOCCOCCOCCOCCOCCOCCOCCOCCOCCOCCOCCOCCOCCOCCOCCOCCO","5.1549","25","nonionic"
"CCCCCCCCCCCCCCCCCCOCCOCCO","6.6021","25","nonionic"
"CCCCCCCCCCCCCCCCCCOCCOCCOCCOCCOCCOCCOCCOCCOCCOCCO","5.5229","25","nonionic"
"CCCCCCCCCCCCCCCCCCOCCOCCOCCOCCOCCOCCOCCOCCOCCOCCOCCOCCOCCOCCOCCOCCOCCOCCOCCOCCO","5.2441","25","nonionic"
"CCCCCCCCCCCCCCCCCCOCCOCCOCCOCCOCCOCCOCCOCCOCCOCCOCCOCCOCCOCCOCCOCCOCCOCCOCCOCCOCCO","5.4089","25","nonionic"
"CCCCCCCC/C=C/CCCCCCCCOCCOCCO","1.6048","25","nonionic"
"CCCCCCCC/C=C/CCCCCCCCOCCOCCOCCOCCOCCOCCOCCOCCOCCOCCO","3.0269","25","nonionic"
"CCCCCCCCCCCCCCCCCOCOCCOCCOCCOCCOCCOCCOCCOCCO","3.4283","25","nonionic"
"OCCOC1C(OCCO)C(C(COCCOC(CCCCCCCCCCC)=O)OCCO)OC1","4.301","25","nonionic"
"CCCCCCCCCCCCCOCCOCCOCCOCCO","4.1602","25","nonionic"
"CCCCCCCCCCCCCOCCOCCOCCOCCOCCO","4.1191","25","nonionic"
"CCCCCCCCCCCCCOCCOCCOCCOCCOCCOCCOCCO","4.0931","25","nonionic"
"FC(C(F)(C(F)(C(F)(C(F)(F)C(F)(CCOCCOCCOCCOCCO)F)F)F)F)(F)F","3.2147","20","nonionic"
"CCCCCCCCCCCCCCOCCOCCOCCOCCOCCOCCOCCOCCOCCO","5.046","25","nonionic"
"CCCCCCCCCCCC(N(C)CCOCCOCCOCCO)=O","3.292","25","nonionic"
"CCCCCCCCCCCC(N(C)CCOCCOCCOCCOCCOCCOCCO)=O","3.187","25","nonionic"
"CCCCCCCCCCCC(N(C)CCOCCOCCOCCOCCOCCOCCOCCOCCOCCO)=O","3.125","25","nonionic"
"O[C@H](CCCCCCCC)[C@@H](CO)O","2.2366","25","nonionic"
"O[C@H]([C@H]([C@@H]([C@@H](CO)O1)O)O)[C@@H]1OCCCCCCCC","1.699","25","nonionic"
"O[C@@H]([C@H]([C@@H]([C@@H](CO)O1)O)O)[C@H]1OCCCCCCCC","2.2218","25","nonionic"
"O[C@H]([C@H]([C@H]([C@@H](CO)O1)O)O)[C@@H]1OCCCCCCCC","1.7959","25","nonionic"
"O[C@@H]([C@H]([C@@H]([C@@H](CO)O1)O)O)[C@H]1OCCCCCCCCCC","3.6021","25","nonionic"
"O[C@H]([C@H]([C@H]([C@@H](CO)O1)O)O)[C@@H]1OCCCCCCCCCC","3.1549","25","nonionic"
"O[C@@H]([C@H]([C@@H]([C@@H](CO)O1)O)O)[C@H]1OCCCCCCCCCCCC","4.301","25","nonionic"
"O[C@H]([C@H]([C@H]([C@@H](CO)O1)O)O)[C@@H]1OCCCCCCCCCCCC","3.699","25","nonionic"
"O[C@H]([C@H]([C@@H](CO)O)O)COCCCC","1.2366","25","nonionic"
"O[C@H]([C@H]([C@@H](CO)O)O)COCCCCC","1.4202","25","nonionic"
"O[C@H]([C@H]([C@@H](CO)O)O)COCCCCCC","2.0269","25","nonionic"
"O[C@H]([C@H]([C@@H](CO)O)O)COCCCCCCC","2.0362","25","nonionic"
"O[C@H]([C@H]([C@@H](CO)O)O)COCCCCCCCC","2.1739","25","nonionic"
"O[C@H]([C@H]([C@@H](CO)O)O)COCCCCCCCCC","2.6778","25","nonionic"
"O[C@H]([C@H]([C@@H](CO)O)O)COC(CCCC)=O","0.9208","25","nonionic"
"O[C@H]([C@H]([C@@H](CO)O)O)COC(CCCCC)=O","1.2366","25","nonionic"
"O[C@H]([C@H]([C@@H](CO)O)O)COC(CCCCCC)=O","2","25","nonionic"
"O[C@H]([C@H]([C@@H](CO)O)O)COC(CCCCCCC)=O","1.7447","25","nonionic"
"O[C@H]([C@H]([C@@H](CO)O)O)COC(CCCCCCCC)=O","2.3565","25","nonionic"
"O[C@H]([C@H]([C@@H](CO)O)O)COC(CCCCCCCCC)=O","2.7447","25","nonionic"
"O[C@H]([C@H]([C@@H](CO)O)O)CSCCCC","0.7447","25","nonionic"
"O[C@H]([C@H]([C@@H](CO)O)O)CSCCCCC","1.3372","25","nonionic"
"O[C@@H]([C@@H]([C@H](CO)O)O)CSCCCCCC","1.9208","20","nonionic"
"O[C@@H]([C@@H]([C@H](CO)O)O)CSCCCCCCCC","2.9208","20","nonionic"
"O[C@@H]([C@@H]([C@H](CO)O)O)CSCCCCCCCCCC","3.3979","20","nonionic"
"O[C@H]([C@H]([C@@H](CO)O)O)CSCCCCCC","1.7447","20","nonionic"
"O[C@H]([C@H]([C@@H](CO)O)O)CSCCCCCCCC","2.7447","20","nonionic"
"O[C@@H]([C@@H]([C@H]1CSCCCCCC)O)C(O1)=O","2.1739","20","nonionic"
"O[C@@H]([C@@H]([C@H]1CSCCCCCCCC)O)C(O1)=O","3.3188","20","nonionic"
"O[C@@H]([C@@H]([C@H]1CSCCCCCCCCCC)O)C(O1)=O","4.4815","20","nonionic"
"O[C@H]([C@H]([C@H]1CSCCCCCC)O)C(O1)=O","2.301","20","nonionic"
"O[C@H]([C@H]([C@H]1CSCCCCCCCC)O)C(O1)=O","3.2757","20","nonionic"
"O[C@H]([C@H]([C@H]1CSCCCCCCCCCC)O)C(O1)=O","4.6383","20","nonionic"
"O[C@H]([C@H]([C@@H]([C@@H](CO)O1)O)O)[C@@H]1OC(CCCC)CCCCC","1.8239","25","nonionic"
"O[C@H]([C@H]([C@@H]([C@@H](CO)O1)O)O)[C@@H]1OC(CCC)CCCCCC","1.9208","25","nonionic"
"O[C@H]([C@H]([C@@H]([C@@H](CO)O1)O)O)[C@@H]1OC(CC)CCCCCCC","2.0706","25","nonionic"
"O[C@H]([C@H]([C@@H]([C@@H](CO)O1)O)O)[C@@H]1OC(C)CCCCCCCC","2.3468","25","nonionic"
"O[C@H]([C@H]([C@@H]([C@@H](CO)O1)O)O)[C@@H]1OCCC(C)CCCC(C)C","2.3979","25","nonionic"
"O[C@@H]1[C@H]([C@@H]([C@H](O[C@H]1OCCC(C)CCCC(C)C)CO)O[C@@H]2[C@@H]([C@H]([C@@H]([C@H](O2)CO)O)O)O)O","2.2757","25","nonionic"
"O[C@@H]1[C@@H]([C@@H](CO)O[C@@H](OCCC(C)CCCC(C)C)[C@@H]1O)OC2[C@H](O)C(O)[C@H](OC3O[C@H](CO)[C@@H](O)[C@H](O)[C@H]3O)[C@@H](CO)O2","2.301","25","nonionic"
"O[C@@H]([C@@H]([C@@H](CO)O1)O)C[C@@H]1OCC(N)CCCCCC","1.6383","25","nonionic"
"O[C@@H]([C@@H]([C@@H](CO)O1)O)C[C@@H]1OCC(N)CCCCCCC","2.1549","25","nonionic"
"O[C@H]([C@H]([C@@H]([C@@H](CO)O)O)O)C(N(CCCCCCCCCC)C)=O","2.8861","25","nonionic"
"O[C@H]([C@H]([C@@H]([C@@H](CO)O)O)O)C(N(CCCCCCCCCCCC)C)=O","3.8539","20","nonionic"
"O[C@H]([C@H]([C@@H]([C@@H](CO)O)O)O)C(N(CCCCCCCCCCCCCC)C)=O","4.6198","20","nonionic"
"O[C@H]([C@H]([C@@H]([C@@H](CO)O)O)O)C(N(CCCCCCCC/C=C\CCCCCCCC)C)=O","4.4949","20","nonionic"
"OC([C@H]([C@H]([C@@H](C(N(CCCCCCCCCC)C)=O)O)O)O[C@H]1[C@@H]([C@H]([C@H]([C@H](O1)CO)O)O)O)CO","2.6383","20","nonionic"
"OC([C@H]([C@H]([C@@H](C(N(CCCCCCCCCCCC)C)=O)O)O)O[C@H]1[C@@H]([C@H]([C@H]([C@H](O1)CO)O)O)O)CO","3.6021","20","nonionic"
"OC([C@H]([C@H]([C@@H](C(N(CCCCCCCCCCCCCC)C)=O)O)O)O[C@H]1[C@@H]([C@H]([C@H]([C@H](O1)CO)O)O)O)CO","4.4437","20","nonionic"
"OC([C@H]([C@H]([C@@H](C(N(CCCCCCCCCCCCCCCC)C)=O)O)O)O[C@H]1[C@@H]([C@H]([C@H]([C@H](O1)CO)O)O)O)CO","5.0315","20","nonionic"
"OC([C@H]([C@H]([C@@H](C(N(CCCCCCCCCCCCCCCCCC)C)=O)O)O)O[C@H]1[C@@H]([C@H]([C@H]([C@H](O1)CO)O)O)O)CO","5.4815","20","nonionic"
"OC([C@H]([C@H]([C@@H](C(N(CCCCCCCC/C=C\CCCCCCCC)C)=O)O)O)O[C@H]1[C@@H]([C@H]([C@H]([C@H](O1)CO)O)O)O)CO","4.2676","20","nonionic"
"CONC(CCCCCCCCCCC)=O","3.4437","25","nonionic"
"O[C@H]([C@H]([C@@H]([C@@H](CO)O)O)O)CN(C(CCCCCCC)=O)C","1.1612","25","nonionic"
"O[C@H]([C@H]([C@@H]([C@@H](CO)O)O)O)CN(C(CCCCCCCC)=O)C","1.6778","25","nonionic"
"O[C@H]([C@H]([C@@H]([C@@H](CO)O)O)O)CN(C(CCCCCCCCC)=O)C","2.1739","25","nonionic"
"O[C@@H]1[C@@H](O)[C@H](O[C@@H]2[C@H](O)[C@@H](O)[C@H](O)[C@@H](CO)O2)[C@@H](CO)O[C@H]1OCCCCCCCCCC","2.699","25","nonionic"
"O[C@H]([C@H]([C@@H]([C@@H](CO)O1)O)O)[C@@H]1OCCCCCCCCCC","2.699","25","nonionic"
"O[C@@H]1[C@@H](O)[C@H](O[C@@H]2[C@H](O)[C@@H](O)[C@H](O)[C@@H](CO)O2)[C@@H](CO)O[C@H]1OCCCCCCCCCCCC","3.7696","25","nonionic"
"O[C@@H]1[C@H]([C@@H]([C@H](O[C@H]1OCCCCCCCC/C=C\CCCCCCCC)CO)O[C@@H]2[C@@H]([C@H]([C@@H]([C@H](O2)CO)O)O)O)O","4.699","25","nonionic"
"O[C@@H]1[C@H]([C@@H]([C@H](O[C@H]1OCCCCCCCC/C=C\CCCCCCCC)CO)O[C@@H]2[C@@H]([C@H]([C@@H]([C@H](O2)CO)O[C@@H]3[C@@H]([C@H]([C@@H]([C@H](O3)CO)O)O)O)O)O)O","4.3768","25","nonionic"
"OC([C@H]([C@H]([C@@H](C(NCCCCCCCCCC)=O)O)O)O[C@H]1[C@@H]([C@H]([C@H]([C@H](O1)CO)O)O)O)CO","2.8861","25","nonionic"
"CCCCCCCCCCCC(OC[C@H]1O[C@@H]([C@@H]([C@H]([C@@H]1O)O)O)O[C@H]2[C@@H]([C@H](C(O[C@@H]2CO)O)O)O)=O","3.4815","25","nonionic"
"OC([C@H]([C@H]([C@@H](C(N(C(CCCCCCCCC)=O)C)=O)O)O)O[C@H]1[C@@H]([C@H]([C@H]([C@H](O1)CO)O)O)O)CO","2.4815","25","nonionic"
"OC([C@H]([C@H]([C@@H](C(N(C(CCCCCCCCCCC)=O)C)=O)O)O)O[C@H]1[C@@H]([C@H]([C@H]([C@H](O1)CO)O)O)O)CO","3.3468","25","nonionic"
"OC([C@H]([C@H]([C@@H](C(N(C(CCCCCCCCCCCCC)=O)C)=O)O)O)O[C@H]1[C@@H]([C@H]([C@H]([C@H](O1)CO)O)O)O)CO","4.1675","25","nonionic"
"O[C@H]([C@H]([C@@H]([C@@H](CO)O1)O)O)[C@@H]1OCCCCCCCCC","2.1612","25","nonionic"
"OC[C@]1(O[C@@H]2[C@@H]([C@H]([C@@H]([C@H](O2)COC(CCCCCCCCCCC)=O)O)O)O)[C@H]([C@@H]([C@@H](CO)O1)O)O","3.3372","20","nonionic"
"O[C@H]1[C@@H]([C@H]([C@H](O[C@@H]1COC(CCCCCCCCCCC)=O)OC[C@@H]2[C@H]([C@@H]([C@H]([C@H](O2)O[C@]3([C@H]([C@@H]([C@H](O3)CO)O)O)CO)O)O)O)O)O","3.0223","20","nonionic"
"O[C@H]1[C@@H]([C@H]([C@H](O[C@@H]1COC(CCCCCCCCCCC)=O)OC[C@@H]2[C@H]([C@@H]([C@H]([C@H](O2)OC[C@H]3[C@H](O)[C@@H](O)[C@H](O)[C@H](O[C@]4([C@H]([C@@H]([C@H](O4)CO)O)O)CO)O3)O)O)O)O)O","2.6383","20","nonionic"
"O[C@H]1[C@H](NC(CCCCCCC)=O)O[C@H](CO)[C@H](O)[C@@H]1O","1.3468","25","nonionic"
"O[C@H]1[C@H](NC(CCCCCCC)=O)O[C@H](CO)[C@@H](O)[C@@H]1O","1.1549","25","nonionic"
"O[C@@H]([C@H]([C@H](CO)O)O)CSCCCCCC","1.9914","20","nonionic"
"O[C@@H]([C@H]([C@H](CO)O)O)CSCCCCCCCC","3.4202","20","nonionic"
"CCCCCCCNC(OC[C@H]1O[C@@H]([C@@H]([C@H]([C@@H]1O)O)O)OC)=O","1.71","25","nonionic"
"O[C@H]([C@H]([C@@H]([C@@H](CO)O1)O)O)[C@@H]1OCCCCCCCCCCCC","3.7212","25","nonionic"
"O[C@@H]1[C@H]([C@@H]([C@H](O[C@H]1OCCCCCCCCCCCCCCCC)CO)O[C@@H]2[C@@H]([C@H]([C@@H]([C@H](O2)CO)O[C@@H]3[C@@H]([C@H]([C@@H]([C@H](O3)CO)O)O)O)O)O)O","6.2218","25","nonionic"
"CC(C)CCCC(C)CCCC(C)CCCC(CO[C@@H]1O[C@H](CO)[C@@H](O[C@@H]2[C@H](O)[C@@H](O)[C@H](O)[C@@H](CO)O2)[C@H](O)[C@H]1O)=O","4.5258","20","nonionic"
"O[C@H]([C@H]([C@@H]([C@@H](CO)O1)O)O)[C@H]1OCCCCCCCCCCCC","4.3768","20","nonionic"
"O[C@@H]1[C@H]([C@@H]([C@H](O[C@H]1OCCCCCCCC)CO)O[C@@H]2[C@@H]([C@H]([C@@H]([C@H](O2)CO)O)O)O)O","1.6345","20","nonionic"
"O[C@@H]1[C@H]([C@@H]([C@H](O[C@H]1OCCCCCCCCC)CO)O[C@@H]2[C@@H]([C@H]([C@@H]([C@H](O2)CO)O)O)O)O","2.1871","20","nonionic"
"O[C@@H]1[C@H]([C@@H]([C@H](O[C@H]1OCCCCCCCCCCCCCC)CO)O[C@@H]2[C@@H]([C@H]([C@@H]([C@H](O2)CO)O)O)O)O","4.7773","20","nonionic"
"O[C@@H]1[C@H]([C@@H]([C@H](O[C@H]1OCCCCCCCCCCCCCCCC)CO)O[C@@H]2[C@@H]([C@H]([C@@H]([C@H](O2)CO)O)O)O)O","5.8386","20","nonionic"
"OC[C@@H]1[C@@H](O[C@@H]2[C@H](O)[C@@H](O)[C@H](O)[C@@H](CO)O2)[C@H](O)[C@@H](O)[C@@H](OCCCCCCCCCCCC)O1","3.9208","20","nonionic"
"O[C@H]([C@H]([C@H]([C@@H](CO)O1)O)O)[C@H]1OCCCCCCC","1.4881","25","nonionic"
"O[C@H]([C@H]([C@H]([C@@H](CO)O1)O)O)[C@@H]1OCCCCCCC","1.757","25","nonionic"
"O[C@H]([C@H]([C@H]([C@@H](CO)O1)O)O)[C@H]1OCCCCCCCC","1.7258","25","nonionic"
"O[C@@H]([C@H]([C@@H]([C@@H](CO)O1)O)O)[C@H]1OCCCCCCC","1.5143","25","nonionic"
"O[C@H]([C@H]([C@H]([C@@H](CO)O1)O)O)[C@H]1OCCCCCCCCC","2.284","25","nonionic"
"O[C@@H]([C@H]([C@@H]([C@@H](CO)O1)O)O)[C@H]1OCCCCCCCCC","2.3979","25","nonionic"
"O[C@H]([C@H]([C@@H]([C@@H](CO)O1)O)O)[C@@H]1OCCCCCCC","1.1409","25","nonionic"
"O=C[C@@H]([C@H]([C@@H]([C@@H](C(NCCCCCCCC)=O)O)O)O)O","2.4815","25","nonionic"
"O=C[C@@H]([C@H]([C@H]([C@@H](C(NCCCCCCCC)=O)O)O)O)O","2.3979","25","nonionic"
"O[C@H]([C@H]([C@@H]([C@@H](CO)O1)O)O)[C@@H]1OCCCCCC","0.6445","25","nonionic"
"O[C@H]([C@H]([C@@H]([C@@H](CO)O1)O)O)[C@@H]1SCCCCCC","1.0857","25","nonionic"
"O[C@H]([C@H]([C@@H]([C@@H](CO)O1)O)O)[C@@H]1SCCCCCCC","1.5654","25","nonionic"
"O[C@H]([C@H]([C@@H]([C@@H](CO)O1)O)O)[C@@H]1SCCCCCCCC","1.6737","25","nonionic"
"O[C@H]([C@H]([C@@H]([C@@H](CO)O1)O)O)[C@@H]1SCCCCCCCCC","2.5528","25","nonionic"
"O[C@H]([C@H]([C@@H]([C@@H](CO)O1)O)O)[C@@H]1SCCCCCCCCCC","3.0458","25","nonionic"
"O[C@H]1[C@H](O[C@@H]2[C@H](O)[C@@H](O)[C@H](O)[C@@H](CO)O2)[C@@H](CO)O[C@@H](SCCCCCCCC)[C@@H]1O","2.0862","25","nonionic"
"O[C@H]1[C@H](O[C@@H]2[C@H](O)[C@@H](O)[C@H](O)[C@@H](CO)O2)[C@@H](CO)O[C@@H](SCCCCCCCCCC)[C@@H]1O","3.2218","25","nonionic"
"O=C[C@@H]([C@H]([C@@H]([C@@H](CO)O)O)OCCCCCCCC)O","2.8539","25","nonionic"
"O=C[C@@H]([C@H]([C@@H]([C@@H](CO)O)O)OC(CCCCCCC)=O)O","3.2147","25","nonionic"
"OC(COCCCCCCCC)C(O)C(O)CO","2.1739","25","nonionic"
"OC(COCCCCCCCCCC)C(O)C(O)CO","3.0915","25","nonionic"
"CCCCCCCCO[C@@H]([C@H](O)[C@@H](CO)OC1O)[C@H]1O","2.9208","25","nonionic"
"CCCCCCCCCCO[C@@H]([C@H](O)[C@@H](CO)OC1O)[C@H]1O","3.1079","25","nonionic"
"CCCCCCCCCCCCO[C@@H]([C@H](O)[C@@H](CO)OC1O)[C@H]1O","3.6383","25","nonionic"
"CCCCCCCCCCCCCCO[C@@H]([C@H](O)[C@@H](CO)OC1O)[C@H]1O","3.7447","25","nonionic"
